AT;ABS;Absam;Absam;7;--3-----;RL;901;;4718N 01130E;
AT;ABT;Abtenau;Abtenau;5;--3-----;RQ;1101;;4733N 01321E;
AT;AWD;Abwinden;Abwinden;4;-23-----;RL;507;;4816N 01426E;
AT;FG7;Achau;Achau;;1----6--;RQ;907;;4840N 16230W;
AT;ACK;Achenkirch;Achenkirch;7;--3-----;RL;1301;;4731N 01142E;
AT;AND;Aderklaa;Aderklaa;3;--3-----;RL;901;;4817N 01632E;
AT;AWG;Adlwang;Adlwang;;--3-----;RL;601;;4759N 01413E;
AT;ADO;Admont;Admont;6;-23-----;RL;701;;4734N 01427E;
AT;SAD;Adnet;Adnet;5;-----6--;RL;901;;4741N 01308E;
AT;AFR;Afritz;Afritz;;--3-----;RL;607;;4643N 01348E;
AT;AGG;Aggsbach Dorf;Aggsbach Dorf;3;--3-----;RL;1001;;4817N 01525E;
AT;AGM;Aggsbach Markt;Aggsbach Markt;3;--3-----;RL;1407;;4818N 01524E;
AT;ACH;Aich;Aich;2;--3-----;RL;207;;4635N 01402E;
AT;AIN;Aigen;Aigen;4;-----6--;RQ;1007;;4830N 01354E;
AT;AIG;Aigen im Mühlkreis;Aigen im Muhlkreis;;--3-----;RL;201;;4838N 01357E;
AT;ARO;Albersdorf;Albersdorf;6;--3-----;RL;701;;4707N 01541E;
AT;AKV;Alkoven;Alkoven;4;--3-----;RL;207;;4817N 01406E;
AT;ALE;Allentsteig;Allentsteig;;--3-----;RL;901;;4841N 01519E;
AT;ALH;Allerheiligen;Allerheiligen;6;--3-----;RL;901;;4654N 01533E;
AT;ALL;Allhaming;Allhaming;4;--3-----;RL;701;;4809N 01410E;
AT;NAL;Allhartsberg;Allhartsberg;3;--3--6--;RL;901;;4801N 01447E;
AT;AL9;Alpbach;Alpbach;7;--3-----;RL;1407;;4724N 01157E;
AT;ATH;Altach;Altach;8;-23--6--;RL;501;;4721N 00939E;
AT;ATS;Altaussee;Altaussee;6;-----6--;RL;901;;4738N 01346E;
AT;AL4;Altenberg;Altenberg;3;--3-----;RL;1301;;4820N 01614E;
AT;AGZ;Altenberg bei Linz;Altenberg bei Linz;4;--3-----;RL;1207;;4822N 01420E;
AT;AMK;Altenmarkt;Altenmarkt;;--3-----;RQ;9501;;;
AT;ALK;Altenmarkt im Pongau;Altenmarkt im Pongau;;--3-----;RL;201;;4722N 01325E;
AT;AWH;Altenwörth;Altenworth;3;1-3-----;RL;507;;4823N 01551E;
AT;AHI;Altheim;Altheim;4;--3-----;RL;701;;4815N 01314E;
AT;AHO;Althofen;Althofen;;-23-----;RL;607;;4652N 01429E;
AT;ALT;Althofen;Althofen;;--3-----;RL;201;;4709N 01414E;
AT;ATG;Altlengbach;Altlengbach;;--3-----;RL;201;;4809N 01555E;
AT;AMU;Altmuenster;Altmuenster;4;--3-----;RL;307;;4754N 01345E;
AT;AMS;Ameis;Ameis;3;--3-----;RL;1107;;4840N 01632E;
AT;ZAD;Ampflwang im Hausruckwald;Ampflwang im Hausruckwald;4;-23--6--;RL;1301;;4806N 01334E;
AT;ATT;Amstetten;Amstetten;;--3-----;RQ;9705;;;
AT;ADU;Andau;Andau;;--3-----;RL;607;;4746N 01702E;
AT;ABU;Andelsbuch;Andelsbuch;8;--3-----;RL;1501;;4724N 00953E;
AT;RCH;Andrichsfurt;Andrichsfurt;4;--3-----;RL;1507;;4815N 01331E;
AT;ANR;Anger;Anger;6;--3-----;RL;901;;4716N 01541E;
AT;ANF;Anif;Anif;;--3-----;RQ;9806;;;
AT;ANS;Ansfelden;Ansfelden;4;-23-----;RL;401;;4812N 01417E;
AT;ARG;Anthering;Anthering;;-23-----;RL;607;;4752N 01301E;
AT;AHN;Antiesenhofen;Antiesenhofen;;0-------;RQ;9307;;;
AT;APT;Apetlon;Apetlon;1;--3-----;RQ;1101;;4745N 01650E;
AT;ARB;Arbesthal;Arbesthal;3;--3-----;RL;1207;;4804N 01642E;
AT;ADG;Ardagger;Ardagger;3;--3-----;RL;1301;;4810N 01449E;
AT;AOT;Arnoldstein;Arnoldstein;;--3-----;RL;201;;4633N 01342E;
AT;ASC;Aschach an der Donau;Aschach an der Donau;4;--3-----;RL;401;;4822N 01402E;
AT;ADS;Aschach an der Steyr;Aschach an der Steyr;4;-----6--;RL;1301;;4800N 01420E;
AT;ABM;Aschbach Markt;Aschbach Markt;3;-23-----;RL;701;;4804N 01445E;
AT;APG;Aspang;Aspang;3;-23-----;RL;701;;4733N 01605E;
AT;ASP;Aspern;Aspern;;0-------;RQ;9004;;;
AT;ATN;Asten;Asten;4;123-----;RL;507;;4813N 01424E;
AT;ATP;Attnang-Puchheim;Attnang-Puchheim;4;-23-----;RL;401;;4800N 01343E;
AT;ATZ;Atzenbrugg;Atzenbrugg;3;-----6--;RL;1301;;4817N 01554E;
AT;ADD;Au an der Donau;Au an der Donau;;--3-----;RQ;1007;;4813N 01434E;
AT;ARN;Auern;Auern;4;--3-----;RQ;1101;;4759N 01407E;
AT;UER;Auersthal;Auersthal;;-23-----;RL;607;;4822N 01638E;
AT;ABK;Aurach Bei Kitzbuhel;Aurach Bei Kitzbuhel;7;-----6--;RQ;1001;;4744N 01230W;
AT;ALZ;Aurolzmünster;Aurolzmunster;;-23-----;RL;607;;4815N 01327E;
AT;AUE;Bad Aussee;Bad Aussee;;--3-----;RL;201;;4735N 01346E;
AT;BDG;Bad Deutsch-Altenburg;Bad Deutsch-Altenburg;3;--3-----;RL;1101;;4808N 01654E;
AT;BRH;Bad Erlach;Bad Erlach;3;--3-----;RL;1401;;4744N 01612E;
AT;BFI;Bad Fischau;Bad Fischau;;-23-----;RL;607;;4750N 01610E;
AT;BGC;Bad Gleichenberg;Bad Gleichenberg;;--3-----;RL;1;;;
AT;BGM;Bad Goisern;Bad Goisern;4;--3-----;RQ;1101;;4738N 01337E;
AT;BHL;Bad Hall;Bad Hall;;--3-----;RL;601;;4802N 01412E;
AT;ICH;Bad Ischl;Bad Ischl;;--3-----;RL;201;;4742N 01336E;
AT;BKZ;Bad Kreuzen;Bad Kreuzen;;--3-----;RQ;9705;;;
AT;BFL;Bad Leonfelden;Bad Leonfelden;4;--3-----;RL;207;;4831N 01417E;
AT;BMF;Bad Mitterndorf;Bad Mitterndorf;6;--3-----;RQ;507;;4733N 01355E;
AT;BKB;Bad Radkersburg;Bad Radkersburg;6;--3-----;RQ;1101;;4641N 01559E;
AT;BSL;Bad Sankt Leonhard im Lavanttal;Bad Sankt Leonhard im Lavanttal;2;-23-----;RL;212;;4657N 01447E;
AT;BSB;Bad Sauerbrunn;Bad Sauerbrunn;1;--3-----;RL;1207;;4746N 01620E;
AT;BSH;Bad Schallerbach;Bad Schallerbach;4;--3-----;RQ;1101;;4814N 01355E;
AT;BVU;Bad Vigaun;Bad Vigaun;5;--3-----;RL;1307;;4740N 01308E;
AT;BVL;Bad Vöslau;Bad Voslau;;--3-----;RL;201;;4757N 01613E;
AT;BWN;Bad Wimsbach-Neydharting;Bad Wimsbach-Neydharting;4;--3-----;RL;1407;;4804N 01354E;
AT;BDN;Baden;Baden;;--3-----;RL;201;;4800N 01614E;
AT;6KS;Badendorf;Badendorf;6;--3-----;RL;1507;;4651N 01536E;
AT;BDS;Badersdorf;Badersdorf;1;--3-----;RL;1207;;4712N 01622E;
AT;BGA;Badgastein;Badgastein;5;-23-5---;RL;1401;;4707N 01308E;
AT;BDA;Baierdorf bei Anger;Baierdorf bei Anger;6;--3-----;RQ;907;;4708N 01520E;
AT;BRB;Bärenbach;Barenbach;6;--3-----;RQ;501;;4741N 01507E;
AT;BBH;Bärnbach;Barnbach;;--3-----;RQ;101;;;
AT;BTE;Baumgarten am Tullnerfeld;Baumgarten am Tullnerfeld;3;--3-----;RL;1407;;4817N 01602E;
AT;BGT;Baumgartenberg;Baumgartenberg;;-23--6--;RL;601;;4813N 01444E;
AT;BMB;Behamberg;Behamberg;9;--3-----;RL;701;;4802N 01430E;
AT;BGH;Berghausen;Berghausen;6;--3-----;RL;1207;;4642N 01535E;
AT;BES;Bergheim/Salzburg;Bergheim/Salzburg;;--3-----;RL;201;;4750N 01301E;
AT;BNF;Berndorf;Berndorf;;--3-----;RQ;9501;;;
AT;SXA;Bernhardsthal;Bernhardsthal;3;1-3-----;RL;1307;;4841N 01652E;
AT;VOR;Bezau;Bezau;8;--3--6--;RL;901;;4723N 00954E;
AT;BIE;Biedermannsdorf;Biedermannsdorf;;-23-----;RL;607;;4805N 01621E;
AT;BKD;Birkfeld;Birkfeld;6;-----6--;RQ;1201;;4721N 01541E;
AT;BIS;Bisamberg/Wien;Bisamberg/Wien;;--3-----;RL;201;;4820N 01621E;
AT;BFS;Bischofshofen;Bischofshofen;5;123-----;RL;307;;4725N 01313E;
AT;BKA;Bleiberg-Kreuth;Bleiberg-Kreuth;2;--3-----;RQ;1101;;4637N 01338E;
AT;BBG;Bleiburg;Bleiburg;;-23-----;RL;607;;4635N 01448E;
AT;BNT;Blindenmarkt;Blindenmarkt;3;-----6--;RL;1301;;4808N 01459E;
AT;BLU;Bludenz;Bludenz;;--3-----;RL;201;;4709N 00949E;
AT;ZAC;Böheimkirchen;Boheimkirchen;3;-----6--;RL;1301;;4812N 01546E;
AT;BOE;Böhlerwenk;Bohlerwenk;3;123-----;RL;1207;;4759N 01445E;
AT;BRD;Brand;Brand;3;--3-----;RL;1307;;4832N 01519E;
AT;BND;Brand;Brand;8;--3-----;RL;1307;;4706N 00944E;
AT;BRA;Braunau am Inn;Braunau am Inn;4;--3--6--;RL;501;;4815N 01302E;
AT;BRZ;Bregenz;Bregenz;8;123-----;RL;1307;XGZ;4730N 00946E;
AT;BTH;Breitenaich;Breitenaich;4;--3-----;RL;1407;;4815N 01358E;
AT;BTU;Breitenau;Breitenau;3;--3-----;RL;207;;4744N 01609E;
AT;ZAE;Breitenau am Hochlantsch;Breitenau am Hochlantsch;6;--3--6--;RL;901;;4724N 01528E;
AT;BBN;Breitenbrunn;Breitenbrunn;;--3-----;RL;201;;4756N 01643E;
AT;BFW;Breitenfurt bei Wien;Breitenfurt bei Wien;3;--3-----;RL;1401;;4808N 01609E;
AT;BSZ;Breitenschützing;Breitenschutzing;4;--3-----;RL;1301;;4805N 01348E;
AT;BWA;Breitenwaida;Breitenwaida;3;--3-----;RL;1207;;4830N 01604E;
AT;BXT;Brixen im Thale;Brixen im Thale;7;--3-----;RL;901;;4727N 01215E;
AT;BXG;Brixlegg;Brixlegg;;--3-----;RL;201;;4725N 01152E;
AT;BRG;Bruck an der Glocknerstrasse;Bruck an der Glocknerstrasse;;--3-----;RL;106;;4717N 01249E;
AT;BKL;Bruck an der Leitha;Bruck an der Leitha;;--3-----;RQ;9806;;;
AT;BRU;Bruck an der Mur;Bruck an der Mur;;--3-----;RQ;9501;;;
AT;6TA;Bruckbach;Bruckbach;3;--3-----;RL;1507;;4800N 01444E;
AT;BRL;Brückl;Bruckl;;--3-----;RQ;101;;;
AT;BRN;Brunn;Brunn;;--3-----;RL;201;;4720N 01459E;
AT;BAG;Brunn am Gebirge;Brunn am Gebirge;;-23-----;RL;607;;4807N 01618E;
AT;NNE;Brunnenthal;Brunnenthal;4;--3-----;RL;1307;;4828N 01327E;
AT;BUC;Buch;Buch;3;--3-----;RQ;1101;;4807N 01502E;
AT;BB9;Burg;Burg;1;--3-----;RL;1401;;4713N 01624E;
AT;BGK;Burgkirchen;Burgkirchen;4;--3-----;RQ;1301;;4812N 01306E;
AT;URS;Bürs;Burs;8;-23--6--;RL;1307;;4708N 00948E;
AT;DDT;Dellach im Drautal;Dellach im Drautal;2;--3-----;RL;901;;4644N 01304E;
AT;DSU;Desselbrunn;Desselbrunn;4;--3-----;RL;701;;4801N 01346E;
AT;DSZ;Deutsch Schutzen;Deutsch Schutzen;;--3-----;RL;607;;4710N 01627E;
AT;DWA;Deutsch Wagram;Deutsch Wagram;;123-----;RL;601;;4818N 01634E;
AT;DKZ;Deutschkreutz;Deutschkreutz;1;1----6--;RL;1107;;4736N 01638E;
AT;DEU;Deutschlandsberg;Deutschlandsberg;;--3-----;RL;201;;4649N 01513E;
AT;DIA;Dietach;Dietach;4;--3-----;RL;701;;4805N 01425E;
AT;DTD;Dietachdorf;Dietachdorf;4;--3-----;RL;1301;;4805N 01425E;
AT;ERR;Dobermannsdorf;Dobermannsdorf;;1-------;RL;1107;;4836N 01649E;
AT;D2L;Dobl;Dobl;4;--3-----;RL;1507;;4816N 01324E;
AT;DBL;Dobl;Dobl;6;--3-----;RL;1301;;4657N 01522E;
AT;NNN;Donnerskirchen;Donnerskirchen;1;1-------;RL;1107;;4754N 01638E;
AT;DRF;Dorf;Dorf;4;--3-----;RL;307;;4817N 01337E;
AT;DFF;Dorf an der Pram;Dorf an der Pram;4;--3-----;RL;1601;;4816N 01337E;
AT;DFL;Dorfla;Dorfla;6;--3-----;RQ;1101;;4700N 01528E;
AT;DOR;Dornbirn;Dornbirn;8;--3-----;RL;1601;;4725N 00943E;@Sub@Coo
AT;DRA;Drasenhofen;Drasenhofen;3;1----6--;RQ;1001;;4845N 01639W;
AT;DRO;Dross;Dross;3;1-3-----;RL;1307;;4827N 01534E;
AT;DUR;Dürnkrut;Durnkrut;3;-23-----;RL;1301;;4828N 01651E;
AT;DUE;Dürnstein;Durnstein;;123-----;RL;601;;4823N 01531E;
AT;EBB;Ebbs;Ebbs;7;--3-----;RL;1307;;4738N 01213E;
AT;EBN;Eben;Eben;;--3-----;RL;607;;4738N 01605E;
AT;ESG;Ebenau;Ebenau;5;--3-----;RL;1407;;4748N 01311E;
AT;EFH;Ebenfurth;Ebenfurth;1;--3-----;RL;1301;;4752N 01622E;
AT;EBS;Ebensee;Ebensee;4;--3-----;RL;701;;4748N 01346E;
AT;ETL;Ebenthal;Ebenthal;;--3-----;RL;201;;4826N 01647E;
AT;EBE;Ebergassing;Ebergassing;;--3-----;RL;201;;4802N 01631E;
AT;ERF;Eberndorf;Eberndorf;2;--3-----;RL;701;;4635N 01438E;
AT;NEB;Ebersbrunn;Ebersbrunn;3;--3-----;RL;1207;;4831N 01552E;
AT;ESW;Eberschwang;Eberschwang;4;--3-----;RL;701;;4809N 01334E;
AT;EBD;Ebersdorf;Ebersdorf;6;--3--6--;RL;901;;4712N 01557E;
AT;EBZ;Eberstalzell;Eberstalzell;4;-----6--;RL;1201;;4802N 01358E;
AT;ETN;Eberstein;Eberstein;2;--3-----;RL;1407;;4648N 01433E;
AT;EBR;Ebreichsdorf;Ebreichsdorf;3;1-3-----;RL;407;;4757N 01624E;
AT;ELL;Edelstal;Edelstal;1;--3-----;RL;901;;4806N 01659E;
AT;EDZ;Edlitz;Edlitz;3;--3-----;RL;701;;4807N 01530E;
AT;EFR;Eferding;Eferding;;--3-----;RQ;9705;;;
AT;EGB;Eggelsberg;Eggelsberg;4;--3-----;RL;701;;4804N 01259E;
AT;EBU;Eggenburg;Eggenburg;3;-23-----;RL;701;;4638N 01549E;
AT;PP3;Eggendorf;Eggendorf;3;--3-----;RL;1507;;4822N 01538E;
AT;EGT;Eggendorf im Traunkreis;Eggendorf im Traunkreis;4;--3-----;RL;407;;4807N 01408E;
AT;GEI;Eggerding;Eggerding;4;--3-----;RL;1407;;4808N 01344E;
AT;EHR;Ehrenhausen;Ehrenhausen;;--3-----;RL;201;;4643N 01534E;
AT;EWD;Eibiswald;Eibiswald;6;1----6--;RL;1107;;4641N 01550E;
AT;EEZ;Eisenerz;Eisenerz;;--3-----;RQ;101;;;
AT;EKV;Eisenkappel-Vellach;Eisenkappel-Vellach;2;--3-----;RL;1507;;4629N 01435E;
AT;EIT;Eisenstadt;Eisenstadt;;--3-----;RL;201;;4750N 01632E;
AT;EAJ;Elsarn am Jauerling;Elsarn am Jauerling;3;--3-----;RL;1301;;4822N 01522E;
AT;EGL;Elsbethen Glasenbach;Elsbethen Glasenbach;5;-----6--;RL;1301;;4720N 01320E;
AT;EMM;Emmersdorf an der Donau;Emmersdorf an der Donau;3;-23-----;RL;1001;;4814N 01520E;
AT;BRI;Engabrunn;Engabrunn;;1-------;RL;1107;;4827N 01545E;
AT;AHZ;Engelhartszell;Engelhartszell;4;--3-----;RQ;1301;;4831N 01344E;
AT;ERO;Engelmannsbrunn;Engelmannsbrunn;3;1-3-----;RL;1401;;4827N 01553E;
AT;DFC;Engerwitzdorf;Engerwitzdorf;4;1-3-----;RL;1401;;4821N 01427E;
AT;ENA;Enns;Enns;;--3-----;RQ;9501;;;
AT;ENO;Ennsdorf;Ennsdorf;;--3-----;RL;201;;4812N 01428E;
AT;ENZ;Enzersdorf an der Fischa;Enzersdorf an der Fischa;3;--3-----;RL;1301;;4805N 01636E;
AT;ETH;Enzersdorf im Thale;Enzersdorf im Thale;3;--3-----;RL;701;;4835N 01614E;
AT;EZF;Enzesfeld;Enzesfeld;3;-23-----;RL;701;;4755N 01611E;
AT;ESN;Eppenstein;Eppenstein;;-23-----;RL;607;;4708N 01444E;
AT;ERL;Erl;Erl;;1-3--6--;RL;601;;4740N 01210E;
AT;EHN;Ernsthofen;Ernsthofen;3;--3-----;RL;1307;;4808N 01429E;
AT;EPD;Erpersdorf;Erpersdorf;;1-3-----;RL;601;;4820N 01554E;
AT;ERP;Erpfendorf;Erpfendorf;;--3-----;RL;607;;4734N 01228E;
AT;ESB;Esternberg;Esternberg;4;--3-----;RL;1001;;4833N 01334E;
AT;EAK;Etsdorf am Kamp;Etsdorf am Kamp;1;-23-----;RL;901;;4826N 01544E;
AT;EUG;Eugendorf;Eugendorf;5;-23-----;RL;212;;4752N 01307E;
AT;EUH;Eurenhausen;Eurenhausen;;0-------;RQ;9307;;;
AT;FSU;Faistenau;Faistenau;;1-3-----;RL;601;;4746N 01313E;
AT;LKN;Falkenstein;Falkenstein;3;1-------;RL;1301;;4843N 01335E;
AT;FHR;Fehring;Fehring;;1-3--6--;RL;601;;4656N 01600E;
AT;FST;Feistritz;Feistritz;;--3-----;RQ;9501;;;
AT;FDU;Feistritz an der Drau;Feistritz an der Drau;;--3-----;RL;607;;4642N 01340E;
AT;FIT;Feistritz im Rosental;Feistritz im Rosental;;--3-----;RL;201;;4631N 01410E;
AT;FED;Feldbach;Feldbach;6;-23-----;RL;307;;4657N 01553E;
AT;FKT;Feldkirch;Feldkirch;8;--3-----;RL;212;;4714N 00936E;
AT;FEK;Feldkirchen an der Donau;Feldkirchen an der Donau;4;--3-----;RL;1001;;4821N 01403E;
AT;FKC;Feldkirchen bei Graz;Feldkirchen bei Graz;6;-23-----;RL;701;;4701N 01527E;
AT;FKI;Feldkirchen im Kärnten;Feldkirchen im Karnten;;-23-----;RL;607;;4643N 01405E;
AT;FXO;Felixdorf;Felixdorf;3;-23-----;RL;701;;4753N 01615E;
AT;FWG;Fels am Wagram;Fels am Wagram;3;--3-----;RL;701;;4827N 01549E;
AT;FLH;Ferlach;Ferlach;;--3-----;RQ;9705;;;
AT;FEO;Ferndorf;Ferndorf;;--3-----;RL;201;;4644N 01337E;
AT;FNZ;Fernitz;Fernitz;;--3-----;RL;201;;4833N 01541E;
AT;FBN;Feuersbrunn;Feuersbrunn;3;--3-----;RL;1301;;4826N 01547E;
AT;FBB;Fieberbrunn;Fieberbrunn;7;--3-----;RL;901;;4729N 01233E;
AT;FIS;Fischamend Dorf;Fischamend Dorf;3;--3-----;RL;501;;4807N 01636E;
AT;FLA;Flachau;Flachau;5;--3-----;RQ;1101;;4720N 01324E;
AT;FLO;Floridsdorf;Floridsdorf;9;--3-----;RL;901;;4815N 01624E;
AT;FOH;Fohnsdorf;Fohnsdorf;6;--3-----;RL;507;;4712N 01441E;
AT;FOR;Fornach;Fornach;4;-23-----;RL;1301;;4802N 01326E;
AT;FAU;Forstau;Forstau;5;-----6--;RL;1201;;4722N 01332E;
AT;FBG;Frankenburg;Frankenburg;4;--3-----;RL;401;;4804N 01329E;
AT;FRN;Frankenmarkt;Frankenmarkt;;-23-----;RQ;9709;;;
AT;FRT;Frastanz;Frastanz;;--3-----;RL;201;;;
AT;FRA;Frauendorf;Frauendorf;3;--3-----;RL;1307;;4833N 01458E;
AT;FAA;Frauendorf An Der Au;Frauendorf An Der Au;3;--3-----;RL;1507;;4823N 01555E;
AT;FKN;Frauenkirchen;Frauenkirchen;;-23-----;RL;607;;4750N 01656E;
AT;FTL;Frauental an der Lassnitz;Frauental an der Lassnitz;6;-23-----;RL;701;;4650N 01516E;
AT;FRB;Freinberg;Freinberg;4;--3-----;RL;1001;;4834N 01331E;Scharding
AT;FSD;Freistadt;Freistadt;;--3-----;RL;201;;4830N 01430E;
AT;FRE;Fresing;Fresing;;--3-----;RL;201;;4645N 01526E;
AT;FNA;Freudenau;Freudenau;9;1-3-----;RQ;901;;4811N 01626E;
AT;FDG;Friedburg;Friedburg;4;-23-----;RL;701;;4801N 01314E;
AT;FRH;Friesach;Friesach;2;--3-----;RL;1407;;4657N 01425E;
AT;FRI;Fritzens;Fritzens;;-23-----;RL;607;;4718N 01135E;
AT;FLT;Frohnleiten;Frohnleiten;;--3-----;RQ;9705;;;
AT;FHK;Frojach-Katsch;Frojach-Katsch;6;--3-----;RL;901;;4707N 01428E;
AT;FGN;Fügen;Fugen;7;--3-----;RL;507;;4721N 01151E;
AT;FPS;Fulpmes;Fulpmes;;1-3-----;RL;601;;4709N 01121E;
AT;FUR;Fürnitz;Furnitz;2;--3-----;RL;212;;4633N 01349E;
AT;FUF;Fürstenfeld;Furstenfeld;6;-23--6--;RL;1307;;4703N 01605E;
AT;FTH;Furth bei Göttweig;Furth bei Gottweig;;--3-----;RQ;201;;;
AT;FAS;Fuschl am See;Fuschl am See;5;--3--6--;RL;1301;;4748N 01318E;
AT;FSA;Fussach;Fussach;;-----6--;RL;601;;4729N 00939E;
AT;GAA;Gaaden;Gaaden;3;--3-----;RQ;1101;;4803N 01611E;
AT;GBD;Gabersdorf;Gabersdorf;6;--3-----;RL;1207;;4646N 01535E;
AT;GAB;Gablitz;Gablitz;3;--3-----;RQ;1101;;4813N 01609E;
AT;GFZ;Gaflenz;Gaflenz;4;--3-----;RL;1301;;4753N 01443E;
AT;GHR;Gaishorn am See;Gaishorn am See;6;--3-----;RL;1207;;4729N 01433E;
AT;RTV;Gallbrunn;Gallbrunn;;1----6--;RL;1107;;;
AT;6NR;Gallneukirchen;Gallneukirchen;4;-----6--;RL;1201;;4821N 01425E;
AT;GAL;Galtür;Galtur;7;--3-----;RL;507;;4658N 01011E;
AT;GMI;Gaming;Gaming;3;--3-----;RL;1201;;4756N 01506E;
AT;GA6;Gamlitz;Gamlitz;6;1----6--;RL;1107;;4643N 01533E;
AT;GPN;Gampern;Gampern;4;--3-----;RL;1401;;4759N 01333E;
AT;GNF;Gänserndorf;Ganserndorf;3;--3-----;RL;307;;4821N 01644E;
AT;GAN;Garsten;Garsten;;--3-----;RQ;9501;;;
AT;GSF;Gaspoltshofen;Gaspoltshofen;;-23-----;RL;106;;4808N 01344E;
AT;GAS;Gastern;Gastern;3;--3-----;RL;1601;;4853N 01513E;
AT;GTD;Gattendorf;Gattendorf;1;--3-----;RL;901;;4801N 01659E;
AT;DER;Gedersdorf;Gedersdorf;3;--3-----;RL;307;;4826N 01541E;
AT;GNR;Geinberg;Geinberg;;-23-----;RL;701;;4816N 01315E;
AT;GRS;Geras;Geras;3;-----6--;RL;1201;;4847N 01540E;
AT;GDF;Gerasdorf bei Wien;Gerasdorf bei Wien;3;--3-----;RL;1101;;4817N 01627E;
AT;GER;Gerersdorf bei Güssing;Gerersdorf bei Gussing;;--3-----;RL;201;;4704N 01615E;
AT;GTR;Geretsberg;Geretsberg;4;--3-----;RL;701;;4805N 01256E;
AT;GET;Getzersdorf;Getzersdorf;3;--3-----;RL;1301;;4820N 01541E;
AT;GLA;Glanegg;Glanegg;2;--3-----;RL;507;;4643N 01411E;
AT;GLZ;Glanz;Glanz;;--3-----;RL;607;;4646N 01339E;
AT;GST;Gleinstätten;Gleinstatten;6;-----6--;RL;901;;4645N 01522E;
AT;GSD;Gleisdorf;Gleisdorf;;--3-----;RQ;9501;;;
AT;GGZ;Gloggnitz;Gloggnitz;3;--3-----;RQ;1101;;4740N 01556E;
AT;GMU;Gmünd;Gmund;;--3-----;RL;201;;4846N 01459E;
AT;GMK;Gmünd In Kärnten;Gmund In Karnten;2;-----6--;RL;1107;;4654N 01332E;
AT;GDN;Gmunden;Gmunden;;123-----;RL;601;;4755N 01348E;
AT;GNA;Gnas;Gnas;6;--3-----;RL;901;;4652N 01549E;
AT;GNS;Gnesau;Gnesau;2;--3-----;RL;1207;;4646N 01358E;
AT;ORF;Gödersdorf;Godersdorf;2;-23-----;RL;901;;4634N 01351E;
AT;GS2;Gofis;Gofis;8;--3-----;RL;1307;;4713N 00937E;
AT;GOW;Goldwörth;Goldworth;4;--3-----;RL;1001;;4820N 01406E;
AT;GAE;Golling an der Erlauf;Golling an der Erlauf;;--3-----;RL;901;;4812N 01511E;
AT;GGS;Golling an der Salzach;Golling an der Salzach;5;--3-----;RL;1301;;4736N 01310E;
AT;GOL;Gols;Gols;1;-23-----;RL;701;;4754N 01654E;
AT;GRF;Gosdorf;Gosdorf;6;-----6--;RL;901;;4644N 01547E;
AT;GSG;Gösing;Gosing;3;--3-----;RL;1301;;4828N 01549E;
AT;GOF;Gössendorf;Gossendorf;6;-----6--;RL;901;;4659N 01529E;
AT;GSB;Gottlesbrunn;Gottlesbrunn;3;--3-----;RL;1301;;4803N 01644E;
AT;GMA;Göttlesbrunn-Arbesthal;Gottlesbrunn-Arbesthal;3;--3-----;RL;1307;;4802N 01643E;
AT;GOT;Gotzendorf;Gotzendorf;3;--3-----;RQ;1101;;4726N 01609E;
AT;GOE;Götzis;Gotzis;8;--3-----;RL;1101;;4719N 00937E;
AT;GC5;Grafenbach;Grafenbach;2;--3-----;RL;1501;;4645N 01439E;
AT;GRA;Grafenstein;Grafenstein;;--3-----;RL;201;;4636N 01427E;
AT;GFW;Grafenworth;Grafenworth;3;--3-----;RL;1301;;4824N 01547E;
AT;GRT;Gramastetten;Gramastetten;4;--3-----;RQ;1101;;4823N 01413E;
AT;GRL;Gramatneusiedl;Gramatneusiedl;;--3-----;RL;201;;4801N 01629E;
AT;GNZ;Granz;Granz;;-23--6--;RL;607;;4813N 01509E;
AT;GKN;Gratkorn;Gratkorn;;--3-----;RL;201;;4708N 01520E;
AT;GTW;Gratwein;Gratwein;6;-----6--;RL;1201;;4707N 01519E;
AT;GRZ;Graz;Graz;6;-2345---;AI;1307;;4704N 01527E;
AT;GFS;Greifenstein;Greifenstein;3;123-----;RL;507;;4820N 01614E;
AT;GRN;Grein;Grein;;123-----;RL;601;;4813N 01450E;
AT;GFT;Greinsfurth;Greinsfurth;3;--3-----;RL;1107;;4807N 01451E;
AT;GTN;Gresten;Gresten;3;--3-----;RL;507;;4759N 01501E;
AT;GIE;Grieskirchen;Grieskirchen;;--3-----;RL;201;;4814N 01349E;
AT;GRI;Griffen;Griffen;;--3-----;RL;607;;4642N 01444E;
AT;GZS;Grinzens;Grinzens;7;--3-----;RL;1207;;4713N 01115E;
AT;GBG;Gröbming;Grobming;6;--3-----;RL;1207;;4726N 01354E;
AT;GRR;Grobssklein;Grobssklein;6;--3-----;RL;1601;;4644N 01526E;
AT;GRG;Grödig;Grodig;5;--3-----;RL;212;;4744N 01302E;
AT;GZR;Gross Gerungs;Gross Gerungs;;-23-----;RL;601;;4835N 01457E;
AT;GRU;Gross Sankt Florian;Gross Sankt Florian;6;-23-----;RL;1101;;4649N 01519E;
AT;GBF;Grossebersdorf;Grossebersdorf;3;-23-----;RL;407;;4822N 01628E;
AT;GRO;Grossenzersdorf/Wien;Grossenzersdorf/Wien;9;--3-----;RL;212;;4812N 01632E;
AT;GHF;Grosshöflein;Grosshoflein;;-23-----;RL;607;;4750N 01629E;
AT;GPF;Grosspetersdorf;Grosspetersdorf;1;--3-----;RL;1101;;4714N 01619E;
AT;GRM;Grossraming;Grossraming;4;--3-----;RL;1201;;4753N 01433E;
AT;GTL;Grossriedenthal;Grossriedenthal;3;--3-----;RQ;1101;;4829N 15520E;
AT;GSU;Grossschönau;Grossschonau;3;--3-----;RL;1101;;4839N 01456E;
AT;SWH;Gross-Schweinbarth;Gross-Schweinbarth;3;1-3-----;RL;1101;;4824N 01637E;
AT;GSH;Gross-Siegharts;Gross-Siegharts;3;--3-----;RL;1601;;4847N 01524E;
AT;GWF;Grossweikersdorf;Grossweikersdorf;3;--3-----;RL;1301;;4828N 01559E;
AT;GWD;Grosswiesendorf;Grosswiesendorf;3;--3-----;RL;1501;;4827N 01559E;
AT;GND;Grunddorf;Grunddorf;3;--3-----;RL;1301;;4825N 01545E;
AT;GMM;Gummern;Gummern;2;-23--6--;RL;1001;;4639N 01347E;
AT;GPK;Gumpoldskirchen;Gumpoldskirchen;;--3-----;RL;201;;4802N 01616E;
AT;GLO;Günselsdorf;Gunselsdorf;3;--3-----;RL;701;;4757N 01615E;
AT;GUK;Gunskirchen;Gunskirchen;;--3-----;RL;201;;4808N 01356E;
AT;GUN;Guntramsdorf;Guntramsdorf;;--3-----;RL;201;;4802N 01618E;
AT;GUT;Gurten;Gurten;4;--3-----;RL;1201;;4815N 01320E;
AT;GSS;Güssing;Gussing;;--3-----;RL;607;;4704N 01620E;
AT;GSN;Gutenstein;Gutenstein;;1-3-----;RL;601;;4752N 01553E;
AT;HAG;Haag;Haag;;-23-----;RL;607;;4807N 01434E;
AT;HAH;Haag am Hausruck;Haag am Hausruck;4;-----6--;RL;1301;;4811N 01338E;
AT;DOF;Hadersdorf;Hadersdorf;3;1-------;RL;1107;;4827N 01543E;
AT;HKM;Hadersdorf-Kammern;Hadersdorf-Kammern;3;1-3-----;RL;1307;;4827N 01543E;
AT;HGB;Hagenbrunn;Hagenbrunn;3;--3-----;RL;207;;4820N 01624E;
AT;HAB;Haibach;Haibach;4;--3-----;RL;401;;4824N 01355E;
AT;HAD;Haid;Haid;;-23-----;RQ;9705;;;
AT;HHN;Haidershofen;Haidershofen;4;-23-----;RL;407;;4804N 01427E;
AT;HIA;Hainburg;Hainburg;;--3-----;RL;201;;4808N 01656E;
AT;LTX;Hainfeld;Hainfeld;3;1-3-----;RL;1401;;4802N 01546E;
AT;HZD;Haitzendorf;Haitzendorf;3;--3-----;RL;1301;;4826N 01544E;
AT;ALB;Halbturn;Halbturn;1;--3-----;RL;901;;4752N 01659E;
AT;HAL;Hall;Hall;6;--3-----;RL;1307;;4736N 01427E;
AT;HIT;Hall in Tirol;Hall in Tirol;7;--3-----;RL;401;;4717N 01131E;
AT;HLL;Hallein;Hallein;;-23-----;RQ;9704;;;
AT;HLT;Hallstatt;Hallstatt;4;--3-----;RL;1301;;4733N 01339E;
AT;HLG;Hallwang;Hallwang;5;-23-----;RL;1301;;4751N 01305E;
AT;HBG;Handenberg;Handenberg;4;--3-----;RL;701;;4808N 01301E;
AT;HSN;Hansenhütte;Hansenhutte;;0-------;RQ;9307;;;
AT;HRD;Hard;Hard;;--3-----;RL;1;;;
AT;BDH;Haring;Haring;7;--3-----;RL;207;;4130N 01206E;
AT;HAE;Haringsee;Haringsee;;--3-----;RL;901;;4811N 01647E;
AT;HAR;Harmannsdorf;Harmannsdorf;3;--3-----;RQ;1001;;4824N 01618E;
AT;HTA;Hartberg;Hartberg;6;--3-----;RL;1501;;4716N 01558E;
AT;HKN;Hartkirchen;Hartkirchen;4;-----6--;RQ;1007;;4821N 01400E;
AT;HRT;Hartl;Hartl;6;--3-----;RL;1301;;4711N 01555E;
AT;HCH;Haslach;Haslach;4;--3-----;RL;1207;;4825N 01440E;
AT;HLM;Haslach an der Mühl;Haslach an der Muhl;4;--3-----;RQ;907;;4835N 01402E;
AT;HAC;Haugschlag;Haugschlag;3;--3-----;RL;1301;;4859N 01503E;
AT;GHH;Haugsdorf;Haugsdorf;3;1-------;RL;1107;;4842N 01604E;
AT;ITN;Hausleiten;Hausleiten;3;1-------;RL;1107;;4823N 01606E;
AT;TEN;Hausmannstatten;Hausmannstatten;6;1-------;RL;1107;;4659N 01530E;
AT;HMN;Hausmannstätten;Hausmannstatten;6;--3-----;RL;1101;;4659N 01531E;
AT;HME;Hausmenning;Hausmenning;3;--3-----;RL;212;;4804N 01448E;
AT;HEC;Heidenreichstein;Heidenreichstein;;--3-----;RL;201;;4851N 01506E;
AT;HKR;Heiligenkreuz;Heiligenkreuz;1;--3-----;RL;901;;4803N 01608E;
AT;HEI;Heiligenkreuz;Heiligenkreuz;3;--3-----;RL;1301;;4818N 01547E;
AT;HKZ;Heiligenkreuz;Heiligenkreuz;4;--3-----;RL;1301;;4752N 01407E;
AT;HZL;Heiligenkreuz im Lafnitztal;Heiligenkreuz im Lafnitztal;1;--3-----;RL;901;;4659N 01615E;
AT;HFS;Heinfels;Heinfels;7;-23-----;RL;407;;4645N 01227E;
AT;HEL;Helfenberg;Helfenberg;4;--3-----;RL;507;;4832N 01408E;
AT;HEO;Henndorf am Wallersee;Henndorf am Wallersee;;--3-----;RL;201;;4754N 01311E;
AT;HNN;Hennersdorf;Hennersdorf;3;-----6--;RL;1301;;4806N 01622E;
AT;HMG;Hermagor;Hermagor;;--3-----;RQ;9501;;;
AT;HER;Herzogenburg;Herzogenburg;;--3-----;RL;201;;4816N 01541E;
AT;HED;Herzogsdorf;Herzogsdorf;4;--3-----;RL;1107;;4826N 01407E;
AT;HMD;Hetzmannsdorf;Hetzmannsdorf;3;--3-----;RL;1301;;4826N 01624E;
AT;HFL;Hieflau;Hieflau;6;--3-----;RL;901;;4736N 01444E;
AT;HIM;Hilm;Hilm;3;-----6--;RL;1301;;4801N 01445E;
AT;ABG;Himberg;Himberg;;-----6--;RL;601;;4805N 01626E;
AT;HBL;Hinterbrühl;Hinterbruhl;3;--3-----;RL;1207;;4805N 01614E;
AT;HRM;Hirm;Hirm;1;--3-----;RL;1507;;4747N 01628E;
AT;SH5;Hirnsdorf;Hirnsdorf;6;--3-----;RL;1501;;4711N 01549E;
AT;HHG;Hirschegg;Hirschegg;8;--3-----;RL;1307;;4720N 01010E;
AT;HIR;Hirschegg Rein;Hirschegg Rein;6;--3-5---;RL;1307;;4701N 01455E;
AT;HIG;Hirschwang;Hirschwang;3;-23-----;RL;1301;;4742N 01549E;
AT;HTE;Hirtenberg;Hirtenberg;;--3-----;RL;201;;4755N 01610E;
AT;HTZ;Hitzendorf;Hitzendorf;6;--3-----;RL;1107;;4702N 01515E;
AT;HBH;Hobenbach;Hobenbach;3;-----6--;RL;1107;;4821N 01539E;
AT;BNN;Hobersbrunn;Hobersbrunn;3;1-------;RL;1107;;4830N 01634E;
AT;HOC;Hochfilzen;Hochfilzen;7;-----6--;RL;901;;4728N 01237E;
AT;HST;Höchst;Hochst;8;--3-----;RL;407;;4727N 00937E;
AT;HFN;Hofen;Hofen;7;--3-----;RL;901;;4734N 01027E;
AT;HDT;Hofkirchen an der Trattnach;Hofkirchen an der Trattnach;4;--3--6--;RL;1301;;4813N 01344E;
AT;HOM;Hofkirchen im Mühlkreis;Hofkirchen im Muhlkreis;4;--3-----;RL;1001;;4829N 01348E;
AT;HNT;Hofkirchen im Traunkreis;Hofkirchen im Traunkreis;4;--3-----;RL;701;;4808N 01422E;
AT;EIN;Hoflein;Hoflein;3;1-------;RL;1107;;4804N 01647E;
AT;HDR;Hofstatten An Der Raab;Hofstatten An Der Raab;6;--3-----;RL;1507;;4704N 01544E;
AT;HAU;Hohenau an der March;Hohenau an der March;;--3-----;RL;201;;;
AT;HBR;Höhenberg;Hohenberg;3;--3-----;RL;1301;;4754N 01537E;
AT;HIH;Hoheneich;Hoheneich;3;--3-----;RL;1401;;4846N 01501E;
AT;HOH;Hohenems;Hohenems;8;---4----;AI;1601;;;@Sub
AT;HON;Hohenruppersdorf;Hohenruppersdorf;;-23-----;RL;601;;4828N 01639E;
AT;H3H;Hohenwarth;Hohenwarth;3;--3-----;RL;1507;;4756N 01559E;
AT;OHO;Hohenzell;Hohenzell;4;--3--6--;RL;1301;;4811N 01332E;
AT;HOL;Hollabrunn;Hollabrunn;;--3-----;RQ;201;;;
AT;LLG;Hollenburg;Hollenburg;;--3-----;RQ;1101;;4822N 01541E;
AT;HLB;Hollersbach;Hollersbach;6;--3-----;RL;501;;4728N 01529E;
AT;HLZ;Holzberg;Holzberg;6;--3-----;RL;1101;;4702N 01519E;
AT;OCH;Holzhausen;Holzhausen;4;--3-----;RL;1407;;4813N 01405E;
AT;HOG;Hönigsberg;Honigsberg;6;-23-----;RL;901;;4736N 01538E;
AT;HOF;Hopfgarten;Hopfgarten;6;-----6--;RL;1107;;4738N 01351E;
AT;HOP;Hopfgarten im Brixental;Hopfgarten im Brixental;7;--3-----;RL;901;;4727N 01210E;
AT;HBZ;Hörbranz;Horbranz;8;#¿NOMBRE?;RL;901;;4733N 00945E;
AT;HOT;Horitschon;Horitschon;;-23-----;RL;607;;4735N 01633E;
AT;HOR;Horn;Horn;;--3-----;RL;201;;4839N 01539E;
AT;HSE;Hornstein;Hornstein;1;--3-----;RL;901;;4752N 01626E;
AT;HRH;Hörsching;Horsching;4;-234-6--;RL;907;;4814N 01411E;
AT;HZF;Hötzelsdorf;Hotzelsdorf;3;--3--6--;RL;1207;;4846N 01539E;
AT;HUT;Huttau;Huttau;5;--3-----;RL;1301;;4725N 01318E;
AT;ILL;Illmitz;Illmitz;;--3-----;RL;607;;4746N 01648E;
AT;ILZ;Ilz;Ilz;6;--3-----;RL;507;;4705N 01555E;
AT;IMS;Imst;Imst;7;-----6--;RL;901;;4714N 01044E;
AT;INN;Innsbruck;Innsbruck;7;--345---;AI;1601;;4716N 01124E;@Sub@Coo
AT;ZIN;Inzersdorf an der Traisen;Inzersdorf an der Traisen;3;1-------;RL;1107;;4819N 01540E;
AT;IIK;Inzersdorf Im Kremstal;Inzersdorf Im Kremstal;4;--3-----;RL;1507;;4755N 01404E;
AT;INZ;Inzing;Inzing;7;--3-----;RL;901;;4716N 01112E;
AT;AZX;Irdning;Irdning;6;--3-----;RL;1501;;4730N 01406E;
AT;ITR;Itter;Itter;7;--3-----;RQ;907;;4728N 01203E;
AT;ITT;Itterdörfl;Itterdorfl;7;--3-----;RL;207;;4727N 01208E;
AT;JGE;Jagerberg;Jagerberg;;--3-----;RL;201;;4651N 01544E;
AT;JPS;Japons;Japons;3;1----6--;RL;1201;;4847N 01534E;
AT;JEN;Jenbach;Jenbach;;--3-----;RL;201;;4723N 01146E;
AT;JDF;Jennersdorf;Jennersdorf;;-23-----;RL;106;;4656N 01600E;
AT;JZS;Jerzens;Jerzens;7;--3-----;RL;1207;;4709N 01044E;
AT;ZLF;Jetzelsdorf;Jetzelsdorf;3;1-------;RL;1107;;4842N 01603E;
AT;JOC;Joching;Joching;;-23-----;RL;607;;4823N 01527E;
AT;JOS;Jois;Jois;;-23-----;RL;607;;4758N 01648E;
AT;JDB;Judenberg;Judenberg;;--3-----;RL;201;;4709N 01440E;
AT;JDN;Judenburg;Judenburg;;--3-----;RQ;9501;;;
AT;JDD;Judendorf;Judendorf;6;1----6--;RL;1107;;4707N 01521E;
AT;JUN;Jungholz;Jungholz;;----5---;AI;9805;;;
AT;KAL;Kallham;Kallham;4;--3-----;RQ;1101;;4817N 01343E;
AT;KDF;Kalsdorf;Kalsdorf;;--3-----;RL;1;;;
AT;KAB;Kaltenbach;Kaltenbach;7;--3-----;RL;212;;4717N 01152E;
AT;KAM;Kammern im Liesingtal;Kammern im Liesingtal;8;123-----;RL;701;;4724N 01454E;
AT;KDO;Kammersdorf;Kammersdorf;3;--3-----;RQ;1001;;4837N 01614E;
AT;KFB;Kapfenberg;Kapfenberg;;--3-----;RQ;9501;;;
AT;SKS;Kapfenstein;Kapfenstein;6;--3-----;RL;901;;4653N 01558E;
AT;KPL;Kappl;Kappl;;--3-----;RL;601;;4703N 01022E;
AT;KAP;Kaprun;Kaprun;5;-----6--;RL;1201;;4716N 01246E;
AT;KAR;Karlsdorf;Karlsdorf;;-23-----;RL;607;;4650N 01328E;
AT;KAF;Katzelsdorf;Katzelsdorf;6;--3-----;RQ;1101;;4655N 01550E;
AT;KFM;Kefermarkt;Kefermarkt;4;--3-----;RL;1301;;4826N 01432E;
AT;KMK;Kematen an der Krems;Kematen an der Krems;3;--3-----;RL;1301;;4806N 01411E;
AT;KTT;Kematen in Tirol;Kematen in Tirol;;123--6--;RL;601;;4715N 01116E;
AT;KYB;Kematen Ybbs;Kematen Ybbs;;--3-----;RL;9805;;;
AT;KMG;Kemating;Kemating;;--3-----;RL;1;;;
AT;KME;Kemeten;Kemeten;1;--3-----;RL;901;;4714N 01609E;
AT;KNB;Kennelbach;Kennelbach;;--3-----;RQ;9704;;;
AT;ZRF;Ketzelsdorf;Ketzelsdorf;3;1-------;RL;1107;;4839N 01639E;
AT;KIE;Kienberg;Kienberg;;--3-----;RQ;201;;;
AT;KIN;Kindberg;Kindberg;;-23-----;RL;607;;4730N 01527E;
AT;KBA;Kirchbach;Kirchbach;;--3-----;RQ;1007;;4757N 15732E;
AT;KBW;Kirchberg am Wagram;Kirchberg am Wagram;;-23-----;RL;607;;4826N 01554E;
AT;KIR;Kirchberg am Walde;Kirchberg am Walde;;--3-----;RL;901;;4843N 01505E;
AT;KAD;Kirchberg an der Raab;Kirchberg an der Raab;6;--3--6--;RL;901;;4659N 01546E;
AT;KRL;Kirchbichl;Kirchbichl;;-23--6--;RL;607;;4731N 01205E;
AT;KKM;Kirchdorf an der Krems;Kirchdorf an der Krems;4;-23-----;RL;701;;4754N 01407E;
AT;KFT;Kirchdorf in Tirol;Kirchdorf in Tirol;7;--3-----;RL;1307;;4734N 01227E;
AT;KII;Kirchheim im Innkreis;Kirchheim im Innkreis;4;--3--6--;RL;1301;;4812N 01323E;
AT;KLZ;Kirchschlag bei Linz;Kirchschlag bei Linz;4;--3-----;RL;1207;;4824N 01416E;
AT;KTE;Kirchstetten;Kirchstetten;3;--3-----;RL;1301;;4811N 01549E;
AT;KSE;Kittsee;Kittsee;;--3-----;RL;607;;4805N 01704E;
AT;KIT;Kitzbuhel;Kitzbuhel;7;--3-----;RL;1101;;4727N 01223E;
AT;KSS;Kitzeck im Sausal;Kitzeck im Sausal;6;--3-----;RL;1207;;4646N 01526E;
AT;KHO;Klaffer;Klaffer;4;--3-----;RL;701;;4842N 01353E;
AT;KLU;Klagenfurt;Klagenfurt;2;-2345---;AI;1101;;4637N 01418E;
AT;KLA;Klaus;Klaus;;--3-----;RL;607;;4719N 00939E;
AT;KSP;Klein Sankt Paul;Klein Sankt Paul;2;--3-----;RL;1107;;4650N 01432E;
AT;KHS;Kleinharras;Kleinharras;;-23-----;RL;607;;4827N 01637E;
AT;K8B;Kleinhoflein;Kleinhoflein;1;--3-----;RL;1507;;4750N 01630E;
AT;BGN;Kleinmutschen;Kleinmutschen;1;--3-----;RL;1207;;4727N 01634E;
AT;KNS;Kleinneusiedl;Kleinneusiedl;3;--3-----;RL;701;;4805N 01636E;
AT;KPO;Kleinpöchlarn;Kleinpochlarn;3;-23-----;RL;1001;;4813N 01513E;
AT;KRM;Kleinraming;Kleinraming;4;--3-----;RL;701;;4801N 01430E;
AT;KDT;Kleinriedenthal;Kleinriedenthal;3;--3-----;RL;1207;;4845N 01601E;
AT;KIF;Kleinwiesendorf;Kleinwiesendorf;3;--3-----;RL;1507;;4827N 01559E;
AT;KZL;Kleinzell;Kleinzell;3;--3-----;RL;1301;;4759N 01545E;
AT;KCH;Klöch;Kloch;6;--3-----;RL;907;;4646N 01558E;
AT;KTU;Klosterneuburg;Klosterneuburg;;--3-----;RL;201;;4818N 01619E;
AT;KFD;Knittelfeld;Knittelfeld;;123-----;RL;601;;4712N 01449E;
AT;KBF;Kobersdorf;Kobersdorf;1;--3-----;RL;1407;;4736N 01624E;
AT;KFH;Köflach;Koflach;;--3-----;RL;201;;4703N 01504E;
AT;KOG;Koglhof;Koglhof;;-23-----;RL;701;;4719N 01541E;
AT;KOH;Kohfidisch;Kohfidisch;;-----6--;RQ;907;;4710N 01621E;
AT;KBZ;Kolbnitz;Kolbnitz;2;--3-----;RL;1501;;4653N 01318E;
AT;KL4;Kollerschlag;Kollerschlag;4;--3-----;RL;1407;;4836N 01350E;
AT;KOL;Kolsass;Kolsass;7;-23--6--;RL;901;;4717N 01138E;
AT;KAW;Königsbrunn am Wagram;Konigsbrunn am Wagram;3;-23--6--;RL;1301;;4825N 01556E;
AT;KTN;Königstetten;Konigstetten;3;--3-----;RL;1301;;4818N 01608E;
AT;KGI;Kopfing im Innkreis;Kopfing im Innkreis;4;--3--6--;RL;507;;4826N 01339E;
AT;KOP;Koppl;Koppl;5;--3-----;RQ;1101;;4748N 01310E;
AT;KBG;Korneuburg;Korneuburg;;--3-----;RL;9811;;;
AT;KOS;Kössen;Kossen;7;#¿NOMBRE?;RL;901;;4740N 01224E;
AT;KOE;Köstendorf;Kostendorf;5;--3-----;RQ;907;;4757N 01311E;
AT;KEU;Kötschach-Mauthen;Kotschach-Mauthen;;--3-----;RL;201;;4640N 01300E;
AT;KOT;Kottes;Kottes;3;--3--6--;RL;1301;;4825N 01518E;
AT;KNR;Kottingbrunn;Kottingbrunn;3;-23-----;RL;212;;4756N 01613E;
AT;KRS;Kramsach;Kramsach;7;--3-----;RL;401;;4727N 01152E;
AT;KDM;Kraubath an der Mur;Kraubath an der Mur;;--3-----;RL;9805;;;
AT;KRE;Krems;Krems;;--3-----;RQ;9501;;;
AT;KAN;Krems an der Donau;Krems an der Donau;3;-----6--;RL;1107;;;
AT;KMS;Kremsmünster;Kremsmunster;;--3-----;RQ;9705;;;
AT;KGA;Krenglbach;Krenglbach;4;-23-----;RL;701;;4812N 01357E;
AT;KRI;Krieglach;Krieglach;6;-23-----;RL;901;;4732N 01533E;
AT;KRO;Krobotek;Krobotek;1;--3-----;RQ;501;;4658N 01611E;
AT;KLD;Kröllendorf;Krollendorf;;-23-----;RQ;9705;;;
AT;KST;Kronstorf;Kronstorf;4;--3-----;RL;1207;;4808N 01427E;
AT;KTF;Krottendorf;Krottendorf;6;--3-----;RL;901;;4727N 01520E;
AT;KUB;Krumbach Markt;Krumbach Markt;3;--3-----;RL;701;;4731N 01611E;
AT;KMB;Krummnussbaum;Krummnussbaum;;123--6--;RL;601;;4813N 01510E;
AT;GHJ;Krustetten;Krustetten;3;1----6--;RL;1107;;4822N 15400W;
AT;KUC;Kuchl;Kuchl;;--3-----;RL;201;;4737N 01308E;
AT;KFS;Kufstein;Kufstein;;--3-----;RQ;9705;;;
AT;KUD;Kühnsdorf;Kuhnsdorf;2;-23-----;RL;1307;;4637N 01438E;
AT;KMR;Kumberg;Kumberg;6;--3-----;RL;701;;4710N 01532E;
AT;KUN;Kundl;Kundl;;--3-----;RL;201;;4728N 01159E;
AT;LAA;Laa an der Thaya;Laa an der Thaya;;--3-----;RL;201;;4843N 01623E;
AT;LKI;Laakirchen;Laakirchen;4;-23-----;RL;501;;4758N 01349E;
AT;LCK;Lackenbach;Lackenbach;1;--3-----;RL;1207;;4735N 01628E;
AT;LDO;Ladendorf;Ladendorf;3;--3-----;RL;701;;4832N 01629E;
AT;LMB;Lambach;Lambach;;--3-----;RQ;9704;;;
AT;LAB;Lambrechten;Lambrechten;4;--3-----;RL;1307;;4819N 01331E;
AT;LPS;Lamprechtshausen;Lamprechtshausen;5;--3-----;RL;701;;4759N 01257E;
AT;LAN;Landeck;Landeck;;--3-----;RL;201;;4708N 01033E;
AT;LFD;Längenfeld;Langenfeld;;--3-----;RQ;9806;;;
AT;LGE;Langenlebarn;Langenlebarn;3;--3-----;RL;1301;;4820N 01607E;
AT;LAG;Langenlois;Langenlois;;--3-----;RL;607;;4828N 01540E;
AT;LGR;Langenrohr;Langenrohr;3;-23-----;RL;1001;;4818N 01600E;
AT;LSN;Langenstein;Langenstein;;--3-----;RL;607;;4815N 01428E;
AT;LGW;Langenwang;Langenwang;6;-23-----;RL;701;;4734N 01537E;
AT;LZD;Langenzersdorf;Langenzersdorf;3;123-----;RL;407;;4818N 01621E;
AT;LTF;Langkampfen;Langkampfen;7;--3-----;RL;1301;;4733N 01206E;
AT;LNH;Lannach;Lannach;6;--3-----;RL;407;;4656N 01520E;
AT;NLA;Lanzenkirchen;Lanzenkirchen;3;-----6--;RL;1301;;4744N 01614E;
AT;LAS;Lassing;Lassing;6;--3-----;RL;701;;4744N 01453E;
AT;LAU;Launsdorf;Launsdorf;;--3-----;RQ;1007;;4676N 14454E;
AT;LUT;Lauterach;Lauterach;;--3-----;RQ;9506;QLX;;
AT;LNT;Lavant;Lavant;7;--3-----;RL;901;;4647N 01250E;
AT;LXE;Laxenburg;Laxenburg;;--3-----;RL;201;;4804N 01621E;
AT;LEB;Lebring;Lebring;6;-23-----;RL;407;;4651N 01532E;
AT;LEC;Lech;Lech;8;-----6--;RL;1107;;;
AT;ECU;Lechaschau;Lechaschau;7;-----6--;RL;1201;;4729N 01042E;
AT;LBE;Leiben;Leiben;3;--3-----;RQ;1301;;4814N 01516E;
AT;LEI;Leibnitz;Leibnitz;;--3-----;RL;201;;4647N 01532E;
AT;LUA;Lembach;Lembach;4;1-3-----;RL;1401;;4829N 01353E;
AT;LEN;Lend;Lend;;--3-----;RL;201;;4717N 01302E;
AT;LGU;Lengau;Lengau;;--3-----;RL;607;;4800N 01313E;
AT;LGN;Lengenfeld;Lengenfeld;3;--3-----;RL;701;;4828N 01536E;
AT;LZG;Lenzing;Lenzing;;-23-----;RQ;9705;;;
AT;LBN;Leoben;Leoben;;--3-----;RQ;101;;;
AT;LEO;Leobendorf;Leobendorf;;--3-----;RL;106;;4822N 01618E;
AT;LBD;Leobersdorf;Leobersdorf;;--3-----;RL;201;;4755N 01613E;
AT;LDG;Leonding;Leonding;;--3-----;RL;601;;4816N 01414E;
AT;LPO;Leopoldsdorf (Wien);Leopoldsdorf (Wien);3;--3-----;RL;1107;;4807N 01624E;
AT;LTH;Leutasch;Leutasch;;--3-----;RL;601;;4722N 01109E;
AT;LTS;Leutschach;Leutschach;6;1----6--;RL;1201;;4640N 01528E;
AT;LIW;Lichtenau im Waldviertel;Lichtenau im Waldviertel;3;--3-----;RL;1601;;4830N 01523E;
AT;LTG;Lichtenberg;Lichtenberg;3;--3-----;RL;507;;4847N 01519E;
AT;NWR;Lichtenworth;Lichtenworth;3;--3-----;RL;1207;;4750N 01617E;
AT;LIB;Lieboch;Lieboch;6;-23-----;RL;307;;4658N 01520E;
AT;LEZ;Lienz;Lienz;;-23-----;RQ;9705;;;
AT;LRR;Lieserbruecke;Lieserbruecke;2;--3-----;RQ;1001;;4650N 01329E;
AT;LZN;Liezen;Liezen;;--3-----;RQ;9705;;;
AT;LLF;Lilienfeld;Lilienfeld;3;-23-----;RL;401;;4801N 01538E;
AT;IEG;Limberg;Limberg;3;1-------;RL;1107;;4835N 01552E;
AT;LBU;Lindabrunn;Lindabrunn;3;--3-----;RL;701;;4754N 01610E;
AT;LNZ;Linz;Linz;4;-234----;AI;1601;;4818N 01418E;@Sub@Coo
AT;LSH;Litschau;Litschau;3;--3-----;RL;1301;;4856N 01503E;
AT;BUG;Litzelsdorf;Litzelsdorf;1;--3-----;RL;1407;;4712N 01609E;
AT;LOE;Lobendorf;Lobendorf;3;--3-----;RL;212;;4826N 01525E;
AT;LCU;Lochau;Lochau;;--3-----;RQ;9501;;;
AT;LCH;Lochen;Lochen;4;--3-----;RL;1301;;4801N 01311E;
AT;LOF;Lofer;Lofer;5;--3-----;RL;1501;;4735N 01241E;
AT;LOB;Lohnsburg;Lohnsburg;;--3-----;RL;201;;4808N 01324E;
AT;LOI;Loimersdorf;Loimersdorf;;-23-----;RL;607;;4810N 01650E;
AT;LPB;Loipersbach;Loipersbach;3;--3-----;RL;701;;4743N 01907E;
AT;LPD;Loipersdorf;Loipersdorf;3;--3-----;RL;1107;;4808N 01521E;
AT;LSD;Loosdorf;Loosdorf;;-23--6--;RL;607;;4812N 01524E;
AT;DSH;Ludesch;Ludesch;8;-23-----;RL;901;;4712N 00947E;
AT;LTN;Lustenau;Lustenau;;--3-----;RQ;9705;;;
AT;LTZ;Lutzmannsburg;Lutzmannsburg;1;--3-----;RL;1207;;4728N 01638E;
AT;MDR;Mäder;Mader;8;--3-----;RL;1101;;4721N 00937E;
AT;MDS;Madstein;Madstein;6;--3-----;RL;1201;;4722N 01500E;
AT;MLB;Mailberg;Mailberg;3;--3-----;RL;1207;;4840N 01611E;
AT;MSN;Maishofen;Maishofen;5;--3--6--;RQ;1001;;4722N 01248E;
AT;MNG;Mandling;Mandling;6;-23-----;RL;701;;4724N 01334E;
AT;MAL;Mannersdorf am Leithagebirge;Mannersdorf am Leithagebirge;3;-----6--;RQ;1007;;4758N 01636E;
AT;MNN;Mannersdorf an der March;Mannersdorf an der March;3;--3-----;RL;1207;;4823N 01650E;
AT;MAN;Manning;Manning;4;1-3-----;RL;1401;;4805N 01340E;
AT;MW3;Mannswörth;Mannsworth;3;--3-----;RL;1601;;4809N 01631E;
AT;MAB;Marbach an der Donau;Marbach an der Donau;3;123-----;RL;1001;;4813N 01509E;
AT;MRC;Marchtrenk;Marchtrenk;4;--3-----;RL;501;;4811N 01407E;
AT;MAM;Margarethen am Moos;Margarethen am Moos;3;--3-----;RL;1301;;4802N 01636E;
AT;MA5;Maria Alm am Steinernen Meer;Maria Alm am Steinernen Meer;5;--3-----;RL;1601;;4724N 01254E;
AT;MEN;Maria Enzersdorf;Maria Enzersdorf;3;--3-----;RQ;1101;;4806N 01617E;
AT;MLJ;Maria Laach am Jauerling;Maria Laach am Jauerling;3;--3-----;RL;1301;;4818N 01520E;
AT;ZEN;Maria Lanzendorf;Maria Lanzendorf;;-23-----;RL;607;;4806N 01625E;
AT;MR2;Maria Rain;Maria Rain;2;--3-----;RL;1507;;4633N 01417E;
AT;MAS;Maria Saal;Maria Saal;2;--3-----;RQ;1101;;4640N 01420E;
AT;MDO;Mariasdorf;Mariasdorf;1;--3-----;RL;407;;4722N 01613E;
AT;MZL;Mariazell;Mariazell;6;--3-----;RL;901;;4746N 01519E;
AT;MGL;Markgrafneusiedl;Markgrafneusiedl;;--3-----;RL;701;;4816N 01638E;
AT;MKA;Markt Allhau;Markt Allhau;1;1----6--;RL;1107;;4714N 01605E;
AT;MPI;Markt Piesting;Markt Piesting;3;--3-----;RL;701;;4752N 01608E;
AT;MAR;Marktl;Marktl;;--3-----;RL;201;;4801N 01535E;
AT;MRZ;Marz;Marz;1;--3-----;RL;407;;4743N 01625E;
AT;MBR;Matrei am Brenner;Matrei am Brenner;;-23--6--;RL;607;;4708N 01127E;
AT;MAT;Mattersburg;Mattersburg;;--3-----;RL;201;;4744N 01623E;
AT;MTH;Mattighofen;Mattighofen;;--3-----;RQ;9501;;;
AT;MTS;Mattsee;Mattsee;5;--3-----;RL;1301;;4758N 01306E;
AT;MTZ;Matzen;Matzen;3;--3-----;RL;1207;;4824N 01642E;
AT;MBH;Mauerbach;Mauerbach;3;--3-----;RL;701;;4815N 01610E;
AT;MHK;Mauerkirchen;Mauerkirchen;;--3-----;RQ;9307;;;
AT;MTN;Mautern;Mautern;3;--3-----;RQ;1101;;4823N 01535E;
AT;MUD;Mautern an der Donau;Mautern an der Donau;3;--3-----;RL;1301;;4823N 01534E;
AT;MTK;Mautern in Steiermark;Mautern in Steiermark;6;--3-----;RL;1301;;4724N 01450E;
AT;MTF;Mauterndorf;Mauterndorf;5;--3-----;RL;307;;4708N 01340E;
AT;MAU;Mauthausen;Mauthausen;;--3-----;RL;201;;4814N 01431E;
AT;MRH;Mayrhofen;Mayrhofen;7;-23-----;RL;901;;4710N 01152E;
AT;MGN;Meggenhofen;Meggenhofen;;--3-----;RL;607;;4811N 01348E;
AT;MEE;Mehrnbach;Mehrnbach;4;--3-----;RL;1101;;4813N 01326E;
AT;VNG;Meiningen;Meiningen;8;-----6--;RL;901;;4717N 00934E;
AT;MEI;Meiselding;Meiselding;2;--3--6--;RL;901;;4650N 01424E;
AT;MEL;Melk;Melk;;--3-----;RQ;9501;;;
AT;MLA;Mellau;Mellau;8;--3-----;RL;701;;4721N 00952E;
AT;MER;Merchtrenk;Merchtrenk;4;-23-----;RL;507;;4811N 01406E;
AT;MSD;Messendorf;Messendorf;6;--3-----;RL;212;;4702N 01529E;
AT;MSB;Mettersdorf Am Sassbach;Mettersdorf Am Sassbach;;--3-----;RL;607;;4648N 01542E;
AT;ZZG;Michaelbeuern;Michaelbeuern;5;--3-----;RL;1501;;4801N 01301E;
AT;MIC;Michelbach;Michelbach;3;--3-----;RQ;1101;;4805N 01545E;
AT;MCF;Micheldorf;Micheldorf;2;-----6--;RL;1201;;4637N 01324E;
AT;MAK;Micheldorf am Kienberge;Micheldorf am Kienberge;4;--3-----;RQ;1101;;4751N 01408E;
AT;MIF;Micheldorf in Kärnten;Micheldorf in Karnten;;--3-----;RQ;201;;;
AT;MCD;Micheldorf in Oberösterreich;Micheldorf in Oberosterreich;4;-23-----;RL;212;;4752N 01408E;
AT;MLN;Michelhausen;Michelhausen;3;--3-----;RL;1401;;4817N 01556E;
AT;MIK;Miklauzhof;Miklauzhof;;0-------;RL;9501;;;
AT;MST;Millstatt;Millstatt;2;-----6--;RQ;1007;;4648N 01334E;
AT;MIL;Mils;Mils;7;--3-----;RL;1507;;4717N 01131E;
AT;MSS;Missingdorf;Missingdorf;3;--3-----;RL;1207;;4841N 01548E;
AT;MIS;Mistelbach;Mistelbach;4;--3-----;RL;401;;4814N 01404E;
AT;MIT;Mittelberg;Mittelberg;;----5---;AI;9805;;;
AT;MTB;Mitterberghutten;Mitterberghutten;5;--3-----;RQ;1101;;4724N 01313E;
AT;MML;Mitterdorf im Murztal;Mitterdorf im Murztal;6;--3-----;RL;1501;;4732N 01531E;
AT;MKC;Mitterkirchen;Mitterkirchen;4;1-3-----;RL;507;;4811N 01442E;
AT;MLS;Mittersill;Mittersill;;--3-----;RQ;9501;;4716N 01228E;
AT;MIX;Mixnitz;Mixnitz;;--3-----;RL;201;;4719N 01521E;
AT;MBG;Möderbrugg;Moderbrugg;;--3-----;RL;701;;4717N 01429E;
AT;MOE;Mödling;Modling;;--3-----;RL;201;;4804N 01617E;
AT;MLL;Mollands;Mollands;3;--3-----;RL;1301;;4831N 01541E;
AT;MBK;Mollbrucke;Mollbrucke;2;--3-----;RL;1501;;4650N 01322E;
AT;MLD;Mollersdorf, Baden;Mollersdorf, Baden;3;--3-----;RL;1301;;4801N 01618E;
AT;MDF;Mollersdorf, Tull an der Donau;Mollersdorf, Tull an der Donau;3;--3-----;RL;407;;4822N 01600E;
AT;OLL;Molln;Molln;;--3-----;RL;201;;4752N 01416E;
AT;MHF;Mönchhof;Monchhof;;-23-----;RL;607;;4753N 01657E;
AT;MON;Mondsee;Mondsee;;--3-----;RL;607;;4751N 01321E;
AT;MOO;Moosbrunn;Moosbrunn;3;--3-----;RL;1301;;4810N 01627E;
AT;OBM;Moosdorf;Moosdorf;4;-----6--;RQ;907;;4803N 01259E;
AT;MBS;Morbisch am See;Morbisch am See;1;1----6--;RL;1107;;4745N 01640E;
AT;HLD;Muhldorf;Muhldorf;3;--3-----;RL;1207;;4822N 01521E;
AT;MAI;Mühlheim;Muhlheim;;-----6--;RL;1007;;4817N 01313E;
AT;MNO;Müllendorf;Mullendorf;;-23--6--;RL;607;;4751N 01628E;
AT;MUE;Münchendorf;Munchendorf;;--3-----;RL;201;;4801N 01622E;
AT;MDG;Munderfing;Munderfing;4;--3-----;RL;1301;;4804N 01311E;
AT;MHE;Münichreith;Munichreith;;--3--6--;RL;601;;4816N 01508E;
AT;MZH;Münzbach;Munzbach;4;--3-----;RL;701;;4816N 01442E;
AT;MUN;Münzkirchen;Munzkirchen;;--3-----;RL;1107;;;
AT;MUR;Murau;Murau;6;-----6--;RL;901;;4706N 01410E;
AT;MUC;Mureck;Mureck;6;--3-----;RL;701;;4642N 01546E;
AT;MUQ;Murstetten;Murstetten;3;--3-----;RL;1401;;4814N 01549E;
AT;MOF;Mürzhofen;Murzhofen;6;--3-----;RL;1507;;4729N 01523E;
AT;MZZ;Mürzzuschlag;Murzzuschlag;;-23-----;RL;201;;4736N 01540E;
AT;NT9;Muthmannsdorf;Muthmannsdorf;3;1-3-----;RL;1401;;4750N 01606E;
AT;NAA;Naarn;Naarn;4;--3-----;RL;1301;;4813N 01436E;
AT;NEC;Neckenmarkt;Neckenmarkt;;--3-----;RL;607;;4736N 01633E;
AT;NEZ;Nenzing;Nenzing;;--3-----;RL;201;;4710N 00941E;
AT;NGZ;Nestelbach bei Graz;Nestelbach bei Graz;6;--3-----;RL;701;;4703N 01537E;
AT;ANI;Neu-Anif;Neu-Anif;5;--3-----;RL;1301;;4745N 01304E;
AT;NEU;Neubau;Neubau;;--3-----;RL;201;;4830N 01631E;
AT;NUA;Neudau;Neudau;;-23-----;RQ;9709;;;
AT;NGG;Neudegg;Neudegg;3;1----6--;RL;1107;;4829N 01553E;
AT;NBI;Neudorf bei Ilz;Neudorf bei Ilz;6;--3-----;RL;1207;;4705N 01557E;
AT;NEL;Neudörfl;Neudorfl;1;--3-----;RL;207;;4747N 01618E;
AT;NUF;Neufeld an der Leitha;Neufeld an der Leitha;;--3-----;RL;201;;4752N 01622E;
AT;NFN;Neufelden;Neufelden;;123-----;RL;601;;4829N 01359E;
AT;NEK;Neuhofen an der Krems;Neuhofen an der Krems;;--3-----;RL;201;;4808N 01413E;
AT;NAD;Neuhofen an der Ybbs;Neuhofen an der Ybbs;3;1-3-----;RL;1401;;4803N 01451E;
AT;NII;Neuhofen im Innkreis;Neuhofen im Innkreis;4;--3-----;RL;1307;;4811N 01328E;
AT;NVC;Neukirchen an der Vöckla;Neukirchen an der Vockla;4;--3-----;RL;1407;;4802N 01332E;
AT;NEH;Neulengbach;Neulengbach;;--3-----;RL;201;;4810N 01558E;
AT;NWS;Neumarkt am Wallersee;Neumarkt am Wallersee;5;-23-----;RL;701;;4757N 01314E;
AT;NYB;Neumarkt and der Ybbs;Neumarkt and der Ybbs;3;--3-----;RL;1207;;4808N 01503E;
AT;NHR;Neumarkt im Hausruckkreis;Neumarkt im Hausruckkreis;;-23-----;RL;601;;4816N 01342E;
AT;NMK;Neumarkt im Mühlkreis;Neumarkt im Muhlkreis;4;-----6--;RL;1201;;4825N 01429E;
AT;NKN;Neunkirchen;Neunkirchen;3;--3-----;RL;401;;4743N 01605E;
AT;NPK;Neupirka;Neupirka;6;-----6--;RL;1201;;4700N 01525E;
AT;NES;Neusiedl;Neusiedl;;--3-----;RQ;201;;;
AT;NAS;Neusiedl am See;Neusiedl am See;1;--3-----;RQ;1101;;4756N 01650E;
AT;NAZ;Neusiedl an der Zaya;Neusiedl an der Zaya;3;--3-----;RL;1601;;4838N 01648E;
AT;NSM;Neustadtl Markt;Neustadtl Markt;3;--3-----;RL;1001;;4811N 01455E;
AT;NEM;Neustift im Mühlkreis;Neustift im Muhlkreis;4;--3-----;RL;1001;;4832N 01345E;
AT;TR7;Neustift im Stubaital;Neustift im Stubaital;7;--3-----;RL;1207;;4707N 01119E;
AT;NTA;Neutal;Neutal;;--3-----;RL;106;;4732N 01626E;
AT;NZG;Neuzeug;Neuzeug;4;--3-----;RL;1301;;4803N 01420E;
AT;ND2;Nickelsdorf;Nickelsdorf;1;1----6--;RL;1107;;4756N 01704E;
AT;N9F;Niederabsdorf;Niederabsdorf;3;--3-----;RL;1501;;4834N 01651E;
AT;NIK;Niederkappel;Niederkappel;4;--3-----;RL;1001;;4828N 01353E;
AT;NDF;Niederndorf;Niederndorf;3;--3-----;RQ;1101;;4810N 01511E;
AT;NSL;Niedernsill;Niedernsill;;--3-----;RQ;101;;;
AT;NIE;Niederottnang;Niederottnang;4;--3-----;RL;701;;4806N 01340E;
AT;NMN;Niederranna;Niederranna;4;-23-----;RL;1401;;4828N 01348E;
AT;NRR;Niederrussbach;Niederrussbach;3;--3--6--;RQ;907;;4827N 01602E;
AT;NWK;Niederwaldkirchen;Niederwaldkirchen;;--3-----;RL;601;;4827N 01404E;
AT;NIW;Niederwölz;Niederwolz;1;-23-----;RL;701;;4709N 01422E;
AT;NKD;Niklasdorf;Niklasdorf;;--3-----;RL;201;;4723N 01509E;
AT;NBA;Nussbach;Nussbach;;-----6--;RL;601;;4758N 01410E;
AT;NSD;Nussdorf;Nussdorf;;--3-----;RL;201;;4713N 01428E;
AT;NAH;Nussdorf am Haunsberg;Nussdorf am Haunsberg;5;--3-----;RL;1301;;4758N 01301E;
AT;NAT;Nussdorf an der Traisen;Nussdorf an der Traisen;;--3-----;RL;701;;4821N 01542E;
AT;NUZ;Nüziders;Nuziders;;123-----;RL;601;;4711N 00948E;
AT;OHD;Obdach;Obdach;;--3-----;RQ;9501;;;
AT;ORH;Oberaich;Oberaich;;-23-----;RL;701;;4724N 01513E;
AT;OMB;Oberalm;Oberalm;5;--3--6--;RQ;1001;;4742N 01306E;
AT;OFC;Obere Fellach;Obere Fellach;;-----6--;RQ;1007;;4638N 01349E;
AT;OBG;Obergrafendorf;Obergrafendorf;3;--3-----;RL;907;;4808N 01532E;
AT;LAM;Oberlamm;Oberlamm;6;-23-----;RL;401;;4659N 01603E;
AT;NE2;Obermarkersdorf;Obermarkersdorf;3;--3-----;RL;1507;;4844N 01553E;
AT;OAM;Oberndorf an der Melk;Oberndorf an der Melk;3;--3-----;RL;1307;;4803N 01513E;
AT;OBR;Oberndorf bei Salzburg;Oberndorf bei Salzburg;;--3-----;RL;201;;4756N 01256E;
AT;ODT;Oberndorf in Tirol;Oberndorf in Tirol;7;--3-----;RL;1301;;4730N 01223E;
AT;OBU;Oberneukirchen;Oberneukirchen;4;1-------;RQ;1301;;;
AT;OBE;Oberpullendorf;Oberpullendorf;;--3-----;RL;201;;4729N 01630E;
AT;ORB;Oberrohrbach;Oberrohrbach;3;--3-----;RL;1207;;4824N 01618E;
AT;OSZ;Oberschützen;Oberschutzen;1;--3-----;RL;407;;4721N 01612E;
AT;OSK;Oberstinkenbrunn;Oberstinkenbrunn;3;--3-----;RL;1207;;4837N 01609E;
AT;OBH;Oberstrahlbach;Oberstrahlbach;;--3-----;RL;601;;4837N 01506E;
AT;OTN;Obertraun;Obertraun;4;--3-----;RL;1301;;4733N 01341E;
AT;VTD;Obertrum am See;Obertrum am See;5;-----6--;RL;1301;;4756N 01304E;
AT;OWG;Oberwagram;Oberwagram;3;--3-----;RL;1401;;4812N 01541E;
AT;OWD;Oberwaltersdorf;Oberwaltersdorf;;-23-----;RL;607;;4759N 01619E;
AT;OWN;Oberwang;Oberwang;4;--3-----;RL;1407;;4752N 01326E;
AT;OWT;Oberwart;Oberwart;;--3-----;RQ;9806;;;
AT;OBW;Oberweis;Oberweis;4;--3-----;RL;401;;4757N 01349E;
AT;OED;Oed;Oed;;--3-----;RL;607;;4823N 01508E;
AT;XAE;Oehling;Oehling;3;1-3-----;RL;1401;;4806N 01448E;
AT;OOT;Oepping;Oepping;4;--3-----;RL;1407;;4836N 01356E;
AT;ORI;Oftering;Oftering;;-23-----;RL;607;;4814N 01408E;
AT;GGU;Oggau;Oggau;1;1-------;RL;1107;;4750N 01640E;
AT;OLS;Ohlsdorf;Ohlsdorf;4;--3-----;RL;207;;4757N 01347E;
AT;OSF;Ollersdorf;Ollersdorf;3;--3-----;RL;1507;;4824N 01648E;
AT;OAL;Oneal;Oneal;;0-------;RQ;9307;;;
AT;OIN;Ort im Innkreis;Ort im Innkreis;4;-----6--;RL;1301;;4818N 01326E;
AT;OAD;Orth an der Donau;Orth an der Donau;3;--3-----;RL;1301;;4808N 01642E;
AT;ORT;Ortmann;Ortmann;3;--3-----;RL;701;;4754N 01558E;
AT;TMH;Ostermiething;Ostermiething;4;-----6--;RL;1107;;4803N 01250E;
AT;OSH;Ottensheim;Ottensheim;4;123-----;RL;507;;4820N 01411E;
AT;OZB;Ötztal-Bahnhof;Otztal-Bahnhof;7;--3-----;RL;1507;;4714N 01051E;
AT;OYH;Oyenhausen;Oyenhausen;3;--3-----;RL;1301;;4759N 01617E;
AT;PAL;Paldau;Paldau;6;--3-----;RL;1207;;4656N 01547E;
AT;PAT;Palt;Palt;3;--3-----;RL;1507;;4837N 01533E;
AT;PTG;Palting;Palting;4;--3--6--;RL;1001;;4801N 01308E;
AT;PAM;Pamhagen;Pamhagen;1;-23-----;RL;501;;4742N 01655E;
AT;PDF;Parndorf;Parndorf;;--3-----;RQ;9705;;;
AT;PHG;Pasching;Pasching;;--3-----;RQ;9705;;;
AT;PSS;Passail;Passail;6;--3-----;RL;1507;;4717N 01531E;
AT;ATK;Paternion;Paternion;2;1-3-----;RL;1401;;4642N 01338E;
AT;PEG;Peggau;Peggau;;-23-----;RL;701;;4712N 01521E;
AT;PO4;Pennewang;Pennewang;4;--3-----;RL;1507;;4808N 01351E;
AT;PTF;Perchtoldsdorf;Perchtoldsdorf;3;--3-----;RL;212;;4807N 01616E;
AT;PER;Perg;Perg;;--3-----;RQ;9501;;;
AT;PGM;Pernegg an der Mur;Pernegg an der Mur;6;-23-----;RL;701;;4721N 01521E;
AT;PRD;Pernersdorf;Pernersdorf;3;--3-----;RL;1207;;4842N 01601E;
AT;PRH;Pernhofen;Pernhofen;;0-------;RQ;9307;;;
AT;PNT;Pernitz;Pernitz;;--3-----;RL;201;;4753N 01557E;
AT;PBU;Persenbeug;Persenbeug;3;123-----;RL;507;;4811N 01504E;
AT;PWG;Perwang;Perwang;4;--3--6--;RL;1001;;4800N 01305E;
AT;PTH;Perwarth;Perwarth;3;--3-----;RQ;1101;;4801N 01459E;
AT;PSB;Pessaberg;Pessaberg;6;--3-----;RL;1207;;4649N 01540E;
AT;PEC;Petronell-Carnuntum;Petronell-Carnuntum;3;--3-----;RL;1001;;4807N 01651E;
AT;PEB;Pettenbach;Pettenbach;4;-23-----;RL;401;;4757N 01401E;
AT;7TA;Pettnau;Pettnau;7;--3-----;RL;1507;;4718N 01108E;
AT;PET;Petzenkirchen;Petzenkirchen;3;1----6--;RL;1201;;4808N 01509E;
AT;PRB;Peuerbach;Peuerbach;;--3-----;RL;901;;4820N 01346E;
AT;PFF;Pfaffenhofen;Pfaffenhofen;7;--3-----;RL;901;;4718N 01105E;
AT;PFA;Pfaffstätten;Pfaffstatten;3;--3-----;RL;1301;;4801N 01616E;
AT;SSP;Pfarrwerfen;Pfarrwerfen;5;--3-----;RL;1307;;4727N 01312E;
AT;PWE;Pichl bei Wels;Pichl bei Wels;;--3--6--;RL;601;;4811N 01354E;
AT;PND;Piesendorf;Piesendorf;5;--3-----;RL;1301;;4717N 01243E;
AT;PLL;Pill;Pill;;--3-----;RL;601;;4719N 01140E;
AT;PLH;Pillichsdorf;Pillichsdorf;3;--3-----;RL;1207;;4821N 01632E;
AT;PGG;Pinggau;Pinggau;;--3-----;RL;201;;4726N 01603E;
AT;PFD;Pinkafeld;Pinkafeld;;-23-----;RL;601;;4722N 01607E;
AT;POF;Pinsdorf;Pinsdorf;4;--3-----;RL;307;;4755N 01346E;
AT;PIS;Pischeldorf;Pischeldorf;2;-----6--;RL;901;;4641N 01427E;
AT;PRF;Pischelsdorf;Pischelsdorf;3;--3-----;RL;1301;;4820N 01556E;
AT;PSM;Pischelsdorf In Der Steiermark;Pischelsdorf In Der Steiermark;6;--3-----;RL;1407;;4710N 01548E;
AT;PK6;Pischelsdorf in Steiermark;Pischelsdorf in Steiermark;6;--3-----;RL;1601;;4710N 01548E;
AT;PST;Pistorf;Pistorf;6;-----6--;RL;901;;4646N 01522E;
AT;PID;Plainfeld;Plainfeld;5;--3-----;RL;1301;;4750N 01311E;
AT;PLA;Platt;Platt;3;--3-----;RL;1207;;4840N 01557E;
AT;POE;Pöchlarn;Pochlarn;;--3-----;RL;201;;4812N 01513E;
AT;PAS;Podersdorf am See;Podersdorf am See;1;1-3-----;RL;901;;4751N 01650E;
AT;PGO;Poggersdorf;Poggersdorf;;--3-----;RL;607;;4639N 01427E;
AT;POG;Pöggstall;Poggstall;3;--3-----;RL;212;;4819N 01511E;
AT;LL6;Pollau;Pollau;6;--3-----;RL;1301;;4713N 01522E;
AT;PO2;Pollauberg;Pollauberg;6;--3-----;RL;1207;;4719N 01551E;
AT;PLS;Pöls;Pols;8;-23-----;RL;701;;4713N 01434E;
AT;POL;Polten;Polten;6;--3-----;RL;1101;;4644N 01558E;
AT;PDO;Pöttelsdorf;Pottelsdorf;1;--3-----;RL;901;;4745N 01626E;
AT;PTT;Pottendorf;Pottendorf;3;--3-----;RQ;1101;;4754N 01623E;
AT;POB;Poysbrunn;Poysbrunn;3;--3-----;RL;1201;;4843N 01637E;
AT;POY;Poysdorf;Poysdorf;;--3-----;RL;607;;4840N 01638E;
AT;PRM;Pram;Pram;4;--3-----;RL;507;;4814N 01337E;
AT;PBK;Prambachkirchen;Prambachkirchen;4;--3-----;RQ;1001;;4819N 01355E;
AT;PRA;Pramet;Pramet;4;--3-----;RL;401;;4808N 01329E;
AT;PDG;Preding;Preding;6;-----6--;RL;901;;4711N 01539E;
AT;PGN;Pregarten;Pregarten;;-23-----;RL;601;;4821N 01431E;
AT;PRT;Preitenegg;Preitenegg;2;-----6--;RL;1201;;4656N 01455E;
AT;PBM;Pressbaum;Pressbaum;3;--3-----;RL;1207;;4811N 01605E;
AT;PFZ;Prinzendorf an der Zaya;Prinzendorf an der Zaya;3;--3-----;RL;1401;;4836N 01643E;
AT;7PZ;Prinzersdorf;Prinzersdorf;3;1-3-----;RL;1401;;4812N 01531E;
AT;POT;Prottes;Prottes;1;-23-----;RL;701;;4823N 01644E;
AT;PUC;Puch;Puch;6;--3-----;RL;901;;4656N 01546E;
AT;PUU;Puchenau;Puchenau;4;--3-----;RQ;1101;;4819N 01414E;
AT;PKG;Pucking;Pucking;4;--3-----;RL;407;;4811N 01411E;
AT;PKU;Pulkau;Pulkau;3;--3-----;RL;1207;;4842N 01551E;
AT;PTZ;Punitz;Punitz;;--3-----;RQ;907;;4707N 01620E;
AT;PUP;Pupping;Pupping;4;-23-----;RL;1001;;4820N 01400E;
AT;PUH;Purbach;Purbach;3;-----6--;RQ;1007;;4845N 01505E;
AT;PBN;Purbach am Neusiedlersee;Purbach am Neusiedlersee;1;--3-----;RL;1401;;4754N 01641E;
AT;PUR;Purgstall;Purgstall;;--3-----;RL;201;;;
AT;PLE;Purgstall an der Erlauf;Purgstall an der Erlauf;3;-23-----;RL;701;;4803N 01508E;
AT;PUF;Purkersdorf;Purkersdorf;;--3-----;RQ;201;;;
AT;D4S;Putzleinsdorf;Putzleinsdorf;4;--3-----;RL;1407;;4831N 01353E;
AT;RAB;Raab;Raab;;--3-----;RQ;9501;;;
AT;RBA;Raaba;Raaba;;-23-----;RL;106;;4701N 01529E;
AT;RAA;Raasdorf;Raasdorf;3;--3-----;RL;212;;4814N 01633E;
AT;RDN;Radenthein;Radenthein;;--3-----;RL;201;;4648N 01342E;
AT;RFD;Radfeld;Radfeld;7;-23-----;RL;1101;;4727N 01155E;
AT;RAD;Radstadt;Radstadt;;123-----;RL;601;;4723N 01327E;
AT;RGF;Raggendorf;Raggendorf;1;-23-----;RL;701;;4824N 01639E;
AT;RIM;Rainbach im Mühlkreis;Rainbach im Muhlkreis;;-----6--;RQ;907;;4833N 01428E;
AT;RAM;Ramingstein;Ramingstein;5;--3-----;RL;1301;;4704N 01350E;
AT;RUZ;Ramsau im Zillertal;Ramsau im Zillertal;7;--3-----;RL;1501;;4712N 01153E;
AT;RXG;Randegg;Randegg;;-23-----;RQ;9709;;;
AT;RKL;Rankweil;Rankweil;;--3-----;RQ;9501;;;
AT;RAN;Rannersdorf;Rannersdorf;3;--3-----;RQ;1101;;4807N 01628E;
AT;RHN;Ranshofen;Ranshofen;;1-3-----;RL;601;;4814N 01300E;
AT;RAS;Rastenfeld;Rastenfeld;;--3-----;RL;607;;4834N 01520E;
AT;RDW;Ratsch an der Weinstrasse;Ratsch an der Weinstrasse;;--3-----;RL;607;;4641N 01534E;
AT;RTB;Rattenberg;Rattenberg;7;--3-----;RL;1507;;4726N 01154E;
AT;RAU;Rauris;Rauris;5;--3-----;RQ;1101;;4713N 01300E;
AT;RXF;Raxendorf;Raxendorf;3;--3-----;RL;1407;;4820N 01516E;
AT;REG;Regau;Regau;4;1----6--;RQ;1001;;4805N 01408E;
AT;RCA;Reichenau;Reichenau;3;--3-----;RQ;1101;;4742N 01550E;
AT;RTL;Reichenthal;Reichenthal;4;--3-----;RL;1307;;4833N 01423E;
AT;REI;Reichersberg;Reichersberg;4;--3-----;RL;1301;;4820N 01322E;
AT;RSD;Reichersdorf;Reichersdorf;;-23-----;RL;607;;4820N 01542E;
AT;RSB;Reinsberg;Reinsberg;3;--3-----;RL;1301;;4759N 01504E;
AT;RN3;Reisenberg;Reisenberg;3;--3-----;RL;1507;;4800N 01631E;
AT;RWL;Rekawinkel;Rekawinkel;;--3-----;RL;9901;;;
AT;RTZ;Retz;Retz;;-23-----;RL;601;;4845N 01557E;
AT;REU;Reuthe;Reuthe;8;-----6--;RL;901;;4730N 00943E;
AT;REE;Reuthe/Vorarlberg;Reuthe/Vorarlberg;8;--3-----;RQ;1001;;4722N 00953E;
AT;RTE;Reutte;Reutte;;--3-----;RL;201;;4728N 01042E;
AT;RIE;Ried;Ried;;--3-----;RQ;9501;;;
AT;RIK;Ried im Innkreis;Ried im Innkreis;;--3-----;RL;201;;4812N 01328E;
AT;RIT;Ried Im Traunkreis;Ried Im Traunkreis;;--3-----;RL;701;;4801N 01405E;
AT;RLD;Riedlingsdorf;Riedlingsdorf;;-23-----;RL;701;;4721N 01608E;
AT;RBG;Riegersburg;Riegersburg;;--3-----;RL;607;;4700N 01556E;
AT;KAT;Riegersdorf;Riegersdorf;2;-----6--;RL;901;;4654N 13784E;
AT;RIZ;Rietz;Rietz;6;--3-----;RL;1101;;4717N 01103E;
AT;ETZ;Rietz;Rietz;7;1-------;RL;1107;;4717N 01103E;
AT;RZL;Riezlern;Riezlern;;----5---;AI;9805;;;
AT;XXX;RIS Inland waterways;RIS Inland waterways;;1-------;AI;1101;;;
AT;RHR;Rohrau;Rohrau;3;1----6--;RL;1107;;4804N 01651E;
AT;ROH;Rohrbach;Rohrbach;3;--3-----;RQ;1101;;4804N 01434E;
AT;R8N;Rohrbach An Der Golsen;Rohrbach An Der Golsen;3;--3-----;RL;1507;;4803N 01545E;
AT;RBM;Rohrbach bei Mattersburg;Rohrbach bei Mattersburg;1;-----6--;RL;901;;4743N 01625E;
AT;RDF;Rohrendorf bei Krems;Rohrendorf bei Krems;;--3-----;RL;201;;4825N 01539E;
AT;ROI;Roitham;Roitham;;--3-----;RL;201;;4801N 01349E;
AT;RST;Röschitz;Roschitz;;--3-----;RL;701;;4840N 01553E;
AT;RNA;Rosenau;Rosenau;;--3-----;RL;601;;4641N 01411E;
AT;ROS;Rosenbach;Rosenbach;2;-23-----;RL;701;;4632N 01402E;
AT;RSU;Rosenburg;Rosenburg;;-----6--;RL;601;;4838N 01538E;
AT;ROA;Rossatz;Rossatz;3;--3-----;RL;1001;;4823N 01530E;
AT;RSL;Rossleithen;Rossleithen;4;--3-----;RL;1307;;4741N 01417E;
AT;RTM;Rotenturm an der Pinka;Rotenturm an der Pinka;;--3-----;RL;201;;4715N 01614E;
AT;RTH;Rothis;Rothis;8;--3-----;RQ;1001;;4717N 00939E;
AT;RTT;Rottenmann;Rottenmann;;--3-----;RQ;9705;;;
AT;RUD;Rudersdorf;Rudersdorf;1;--3-----;RL;1301;;4703N 01607E;
AT;RRF;Ruhrsdorf;Ruhrsdorf;3;1-------;RL;1107;;4824N 01530E;
AT;RUM;Rum;Rum;;-23-----;RL;607;;4717N 01127E;
AT;RUP;Ruprechtshofen;Ruprechtshofen;3;--3-----;RQ;1101;;4808N 01516E;
AT;RUS;Rust;Rust;;--3-----;RL;201;;4748N 01639E;
AT;RZM;Rutzenmoos;Rutzenmoos;4;--3-----;RL;1401;;4758N 01342E;
AT;SSM;Saalfelden am Steinernen Meer;Saalfelden am Steinernen Meer;5;-----6--;RL;1301;;4725N 01250E;
AT;SAC;Sachsenburg;Sachsenburg;2;--3-----;RQ;1101;;4649N 13211E;
AT;SA7;Sachsendorf;Sachsendorf;3;--3-----;RL;1207;;4824N 01550E;
AT;SM4;Salla;Salla;6;--3-----;RL;1407;;4706N 01458E;
AT;SZG;Salzburg;Salzburg;5;-2-45---;AI;1401;;4748N 01302E;
AT;SAK;Sankt Aegidi;Sankt Aegidi;4;1-3-----;RL;1401;;4829N 01345E;
AT;AED;Sankt Aegyd am Neuwalde;Sankt Aegyd am Neuwalde;;--3-----;RL;1101;;4750N 01535E;
AT;ARV;Sankt Andrä;Sankt Andra;;--3-----;RL;607;;4646N 01449E;
AT;SAN;Sankt Andrä;Sankt Andra;2;--3-----;RL;1301;;4638N 01353E;
AT;SAA;Sankt Andra am Zicksee;Sankt Andra am Zicksee;1;--3-----;RL;1207;;4747N 01656E;
AT;SAW;Sankt Andrä-Wördern;Sankt Andra-Wordern;3;--3-----;RL;1407;;4820N 01613E;
AT;ANT;Sankt Anton;Sankt Anton;;---4----;AI;1101;;;
AT;SFL;Sankt Florian;Sankt Florian;4;-23-----;RL;701;;4810N 01308E;
AT;SFI;Sankt Florian am Inn;Sankt Florian am Inn;4;--3--6--;RL;1001;;4826N 01336E;
AT;SKG;Sankt Gallen;Sankt Gallen;6;--3-----;RL;1307;;4741N 01436E;
AT;SGG;Sankt Georgen;Sankt Georgen;6;--3-----;RL;901;;4732N 01422E;
AT;SGF;Sankt Georgen am Steinfelden;Sankt Georgen am Steinfelden;3;-23-----;RL;401;;4807N 01535E;
AT;SG4;Sankt Georgen an der Gusen;Sankt Georgen an der Gusen;4;--3-----;RL;1207;;4816N 01427E;
AT;SGT;Sankt Georgen an der Stiefing;Sankt Georgen an der Stiefing;6;--3-----;RL;1301;;4652N 01534E;
AT;SGS;Sankt Georgen bei Salzburg;Sankt Georgen bei Salzburg;;123-----;RL;601;;4759N 01253E;
AT;SGA;Sankt Georgen im Attergau;Sankt Georgen im Attergau;4;-23--6--;RL;1301;;4756N 01329E;
AT;STG;Sankt Gertraud;Sankt Gertraud;;-23-----;RL;601;;4652N 01452E;
AT;SJK;Sankt Jakob;Sankt Jakob;2;--3-----;RL;901;;4633N 01403E;
AT;SJB;Sankt Jakob Breitenau;Sankt Jakob Breitenau;;--3-----;RQ;1101;;;
AT;SJD;Sankt Jakob in Defereggen;Sankt Jakob in Defereggen;7;--3-----;RL;901;;4655N 01219E;
AT;JOA;Sankt Johann im Pongau;Sankt Johann im Pongau;;--3-----;RL;1101;;4721N 01312E;
AT;JOH;Sankt Johann in Tirol;Sankt Johann in Tirol;7;--3-----;RL;1101;;4731N 01225E;
AT;STK;Sankt Josef (Weststeiermark);Sankt Josef (Weststeiermark);6;--3-----;RL;1407;;4654N 01520E;
AT;SKK;Sankt Kanzian am Klopeiner See;Sankt Kanzian am Klopeiner See;2;-23--6--;RL;901;;4637N 01435E;
AT;KLG;Sankt Katharein an der Laming;Sankt Katharein an der Laming;6;--3-----;RL;701;;4728N 01508E;
AT;SBL;Sankt Lambrecht;Sankt Lambrecht;6;--3-----;RL;1307;;4704N 01418E;
AT;LFT;Sankt Leonhard am Forst;Sankt Leonhard am Forst;3;--3--6--;RL;1201;;4808N 01517E;
AT;LMU;Sankt Lorenzen im Mürztal;Sankt Lorenzen im Murztal;;--3-----;RL;607;;4729N 01522E;
AT;MMZ;Sankt Marein im Mürztal;Sankt Marein im Murztal;6;-23-----;RL;701;;4728N 01522E;
AT;S7B;Sankt Margarethen;Sankt Margarethen;1;--3-----;RL;1507;;4748N 01636E;
AT;SMR;Sankt Margarethen an der Raab;Sankt Margarethen an der Raab;6;1-3-----;RL;1401;;4703N 01545E;
AT;SK3;Sankt Margrethen;Sankt Margrethen;2;1----6--;RL;1107;;4638N 01423E;
AT;SMA;Sankt Marien;Sankt Marien;;--3-----;RL;601;;4808N 01416E;
AT;SMN;Sankt Martin bei Linz;Sankt Martin bei Linz;;--3-----;RL;1101;;4813N 01416E;
AT;MTI;Sankt Martin im Innkreis;Sankt Martin im Innkreis;;-----6--;RL;601;;4817N 01326E;
AT;SMM;Sankt Martin im Mühlkreis;Sankt Martin im Muhlkreis;4;--3-----;RL;701;;4825N 01402E;
AT;SKM;Sankt Michael;Sankt Michael;;--3-----;RL;901;;4720N 01500E;
AT;SEL;Sankt Michael im Lungau;Sankt Michael im Lungau;5;--3-----;RL;701;;4705N 01338E;
AT;SMI;Sankt Michael in Obersteiermark;Sankt Michael in Obersteiermark;;--3-----;RL;1101;;4720N 01500E;
AT;SML;Sankt Michael ob Bleiburg;Sankt Michael ob Bleiburg;;--3-----;RQ;1101;;;
AT;SNI;Sankt Nikola an der Donau;Sankt Nikola an der Donau;4;-23-----;RL;1001;;4814N 01454E;
AT;SOP;Sankt Oswald Bei Plankenwarth;Sankt Oswald Bei Plankenwarth;6;--3-----;RL;1507;;4705N 01516E;
AT;SPA;Sankt Pantaleon;Sankt Pantaleon;3;--3-----;RL;1001;;4812N 01434E;
AT;SVT;Sankt Paul;Sankt Paul;;--3-----;RQ;1101;;;
AT;SLV;Sankt Paul im Lavanttal;Sankt Paul im Lavanttal;2;--3-----;RL;1101;;4642N 01451E;
AT;SAO;Sankt Peter am Ottersbach;Sankt Peter am Ottersbach;6;--3-----;RL;1207;;4647N 01545E;
AT;SPR;Sankt Peter im Sulmtal;Sankt Peter im Sulmtal;6;--3-----;RL;1301;;4645N 01515E;
AT;SPD;Sankt Peter in der au Dorf;Sankt Peter in der au Dorf;3;--3-----;RQ;1101;;4803N 01437E;
AT;S6P;Sankt Peter-Freienstein;Sankt Peter-Freienstein;6;--3-----;RL;1507;;4723N 01501E;
AT;STP;Sankt Pölten;Sankt Polten;3;--3-----;RL;407;;4812N 01538E;
AT;RRA;Sankt Ruprecht an der Raab;Sankt Ruprecht an der Raab;;-23--6--;RL;607;;4709N 01539E;
AT;STS;Sankt Stefan;Sankt Stefan;;-23-----;RQ;1101;;;
AT;SFS;Sankt Stefan im Lavanttal;Sankt Stefan im Lavanttal;2;--3-----;RL;1101;;4648N 01451E;
AT;SSR;Sankt Stefan im Rosental;Sankt Stefan im Rosental;6;--3-----;RL;1207;;4654N 01544E;
AT;SSO;Sankt Stefan ob Leoben;Sankt Stefan ob Leoben;6;--3-----;RL;901;;4718N 01459E;
AT;FBZ;Sankt Stefan ob Stainz;Sankt Stefan ob Stainz;6;1-------;RL;1107;;4655N 01515E;
AT;TBL;Sankt Thomas am Blasenstein;Sankt Thomas am Blasenstein;4;--3-----;RQ;1101;;4818N 01445E;
AT;SUH;Sankt Ulrich;Sankt Ulrich;3;1----6--;RL;1201;;4836N 01646E;
AT;SAP;Sankt Ulrich Am Pillersee;Sankt Ulrich Am Pillersee;7;--3-----;RL;1507;;4732N 01234E;
AT;STV;Sankt Valentin;Sankt Valentin;;--3-----;RQ;1101;;;
AT;SVV;Sankt Veit am Vogau;Sankt Veit am Vogau;;--3-----;RL;901;;4644N 01537E;
AT;SVG;Sankt Veit an der Glan;Sankt Veit an der Glan;2;--3-----;RL;1101;;4646N 01421E;
AT;SVO;Sankt Veit an der Gölsen;Sankt Veit an der Golsen;;--3-----;RL;1101;;4802N 01540E;
AT;SVM;Sankt Veit im Mühlkreis;Sankt Veit im Muhlkreis;4;1-3-----;RL;1401;;4828N 01409E;
AT;SAM;Sarmingstein;Sarmingstein;3;--3-----;RL;1601;;4813N 01458E;
AT;SUN;Sattledt;Sattledt;;-23-----;RL;601;;4804N 01404E;
AT;SCC;Schalchen;Schalchen;4;--3-----;RL;1507;;4812N 01313E;
AT;SDG;Schärding;Scharding;;--3-----;RL;201;;4827N 01326E;
AT;4ST;Scharitz;Scharitz;7;--3-----;RL;1407;;4723N 01117E;
AT;SSI;Scharnstein;Scharnstein;4;-23-----;RL;701;;4754N 01358E;
AT;SBB;Scheibbs;Scheibbs;3;-23-----;RL;401;;4800N 01510E;
AT;SDB;Schiedlberg;Schiedlberg;4;--3-----;RQ;1101;;4806N 01416E;
AT;SLD;Schladming;Schladming;6;--3-----;RL;1207;;4723N 01341E;
AT;SGL;Schlägl;Schlagl;4;-----6--;RQ;1001;;4838N 01358E;
AT;SCS;Schlins;Schlins;8;--3-----;RQ;1101;;4712N 00942E;
AT;7ST;Schlitters;Schlitters;7;--3-----;RL;1407;;4722N 01150E;
AT;SGN;Schneegattern;Schneegattern;4;--3-----;RL;1507;;4802N 01319E;
AT;GF2;Schnifis;Schnifis;8;1----6--;RQ;907;;4713N 94359W;
AT;SAT;Schönau an der Triesting;Schonau an der Triesting;3;--3-----;RL;1301;;4755N 01614E;
AT;SMK;Schönau im Mühlkreis;Schonau im Muhlkreis;4;1----6--;RL;1201;;4823N 01444E;
AT;SBH;Schönbach;Schonbach;;--3-----;RL;701;;4827N 01503E;
AT;SHB;Schönberg;Schonberg;3;--3-----;RL;1401;;4831N 01542E;
AT;SHG;Schönegg;Schonegg;4;--3-----;RL;1301;;4835N 01412E;
AT;SFA;Schörfling am Attersee;Schorfling am Attersee;4;--3-----;RL;1201;;4756N 01336E;
AT;SCG;Schrattenberg;Schrattenberg;3;--3-----;RL;701;;4843N 01643E;
AT;TTL;Schrattenthal;Schrattenthal;3;1-------;RL;1107;;4842N 01554E;
AT;SRM;Schrems;Schrems;;--3-----;RL;201;;4847N 01503E;
AT;SHS;Schruns;Schruns;8;-23-----;RL;701;;4705N 00955E;
AT;ST8;Schutzen;Schutzen;8;--3-----;RL;1207;;4731N 00952E;
AT;SAG;Schutzen am Gebirge;Schutzen am Gebirge;1;1----6--;RL;1107;;4751N 01637E;
AT;SWB;Schwanberg;Schwanberg;6;-----6--;RL;901;;4645N 01512E;
AT;SST;Schwanenstadt;Schwanenstadt;;--3-----;RL;2;;;
AT;SCW;Schwarzach;Schwarzach;;0-------;RQ;9705;;;
AT;SIP;Schwarzach im Pongau;Schwarzach im Pongau;5;-----6--;RL;1301;;4719N 01309E;
AT;SIG;Schwarzau im Gebirge;Schwarzau im Gebirge;;-23-----;RL;601;;4749N 01542E;
AT;S7N;Schwarzenau;Schwarzenau;3;--3-----;RL;1507;;4844N 01515E;
AT;SCZ;Schwaz;Schwaz;;--3-----;RL;9805;;;
AT;SHT;Schwechat;Schwechat;;-23-----;RQ;9705;;;
AT;SHE;Schweiggers;Schweiggers;3;--3-----;RL;1507;;4840N 01504E;
AT;SWT;Schwendt;Schwendt;7;--3-----;RL;1201;;4731N 01219E;
AT;SCH;Schwertberg;Schwertberg;;0-------;RQ;9004;;;
AT;SWG;Schwerting;Schwerting;5;--3-----;RQ;1101;;4801N 01257E;
AT;SEB;Seeboden;Seeboden;2;-----6--;RL;901;;4649N 01329E;
AT;SEE;Seefeld in Tirol;Seefeld in Tirol;;--3-----;RL;201;;4719N 01110E;
AT;SEF;Seefeld-Kadolz;Seefeld-Kadolz;;--3-----;RL;607;;4843N 01610E;
AT;SEH;Seeham;Seeham;5;--3-----;RQ;1101;;4758N 01305E;
AT;SHA;Seehaus;Seehaus;4;--3-----;RQ;1101;;4745N 01357E;
AT;SIR;Seekirchen;Seekirchen;;--3-----;RL;201;;4754N 01308E;
AT;SWA;Seewalchen am Attersee;Seewalchen am Attersee;4;--3-----;RL;1207;;4757N 01335E;
AT;SEI;Seibersdorf;Seibersdorf;;--3-----;RL;106;;4757N 01631E;
AT;SSB;Seiersberg;Seiersberg;;-23-----;RL;601;;4700N 01524E;
AT;STN;Seitenstetten;Seitenstetten;3;--3-----;RL;1401;;4801N 01439E;
AT;SET;Seitenstetten Markt;Seitenstetten Markt;3;-2------;RL;212;;4802N 01438E;
AT;SZA;Selzthal;Selzthal;6;-23-----;RL;701;;4733N 01419E;
AT;SFT;Senftenberg;Senftenberg;3;1----6--;RL;1107;;4826N 01533E;
AT;SIF;Siegendorf;Siegendorf;;--3-----;RL;201;;4747N 01632E;
AT;SGR;Sieggraben;Sieggraben;3;--3-----;RL;1601;;4739N 01622E;
AT;SII;Sierninghofen;Sierninghofen;4;-23-----;RL;701;;4803N 01420E;
AT;ZNH;Siezenheim;Siezenheim;;--3-----;RL;607;;4748N 01259E;
AT;SIS;Sigless;Sigless;1;--3-----;RQ;1001;;4747N 01623E;
AT;SIN;Sillian;Sillian;;-23-----;RQ;101;;;
AT;SLZ;Silz;Silz;7;--3-----;RL;1507;;4716N 01056E;
AT;SKN;Sinabelkirchen;Sinabelkirchen;6;--3-----;RL;207;;4706N 01549E;
AT;ST2;Sistrans;Sistrans;7;-----6--;RL;1107;;4714N 01127E;
AT;SIT;Sittersdorf;Sittersdorf;2;-----6--;RL;901;;4632N 01436E;
AT;SNG;Söding;Soding;;-23--6--;RL;607;;4659N 01517E;
AT;SDN;Sölden;Solden;;--3-----;RL;701;;4658N 01100E;
AT;SOL;Söll;Soll;7;--3-----;RL;501;;4730N 01211E;
AT;SLL;Sollenau;Sollenau;;--3-----;RQ;9501;;;
AT;SNT;Sonntag;Sonntag;8;--3-----;RL;1407;;4714N 00954E;
AT;SOG;Sonntagberg;Sonntagberg;3;-----6--;RQ;1001;;4758N 01445E;
AT;SOS;Sooss;Sooss;;--3-----;RL;607;;4759N 01612E;
AT;SPG;Spannberg;Spannberg;3;1----6--;RL;1201;;4827N 01644E;
AT;SBK;Spielberg bei Knittelfeld;Spielberg bei Knittelfeld;6;-----6--;RL;901;;4713N 01447E;
AT;SFD;Spielfeld;Spielfeld;6;-23-----;RL;701;;4642N 01538E;
AT;SPN;Spillern;Spillern;3;--3-----;RQ;1001;;4823N 01615E;
AT;SPY;Spital am Pyhrn;Spital am Pyhrn;1;--3-----;RL;1101;;4739N 01420E;
AT;SPI;Spittal an der Drau;Spittal an der Drau;2;--3-----;RL;212;;4648N 01330E;
AT;SPZ;Spitz;Spitz;;123-----;RL;601;;4822N 01525E;
AT;SBA;St. Bartholoma;St. Bartholoma;6;--3-----;RL;1507;;4704N 01515E;
AT;SPU;Stadl Paura;Stadl Paura;4;-23-----;RL;701;;4805N 01352E;
AT;STA;Stainach;Stainach;;0-------;RQ;9506;;;
AT;STZ;Stainz;Stainz;;-23-----;RL;9805;;;
AT;STM;Stams;Stams;;--3-----;RL;201;;4716N 01058E;
AT;ANG;Stang;Stang;3;--3-----;RL;1301;;4732N 01617E;
AT;SAS;Stans;Stans;7;--3-----;RQ;907;;4722N 01143E;
AT;STD;Steeg;Steeg;;1-3-----;RL;601;;4736N 01338E;
AT;STB;Stegersbach;Stegersbach;1;--3-----;RL;212;;4710N 01610E;
AT;SDD;Stein An Der Donau;Stein An Der Donau;3;--3-----;RL;1507;;4824N 01535E;
AT;SBC;Steinabrückl;Steinabruckl;3;--3-----;RL;1301;;4752N 01612E;
AT;SEN;Steinabrunn;Steinabrunn;;--3-----;RQ;9811;;;
AT;STH;Steinach;Steinach;4;--3-----;RL;1301;;4738N 01336E;
AT;SSS;Steinberg;Steinberg;1;1----6--;RL;901;;4729N 01629E;
AT;SUP;Steinbrunn;Steinbrunn;;--3-----;RQ;201;;4749N 01624E;
AT;STF;Steindorf;Steindorf;5;--3-----;RQ;907;;4757N 01314E;
AT;STE;Steinfeld;Steinfeld;;--3-----;RL;201;;4645N 01314E;
AT;SUS;Steinhaus;Steinhaus;4;1----6--;RL;1201;;4807N 01401E;
AT;ETE;Stetten;Stetten;3;-----6--;RL;1001;;4822N 01623E;Korneuburg
AT;SER;Steyr;Steyr;;--3-----;RQ;9501;;;
AT;SYG;Steyregg;Steyregg;4;-23-----;RL;701;;4817N 01422E;
AT;SYM;Steyrermühl;Steyrermuhl;4;--3-----;RL;212;;4759N 01348E;
AT;SAR;Stift Ardagger;Stift Ardagger;;--3-----;RL;9811;;;
AT;SND;Stixneusiedl;Stixneusiedl;3;--3-----;RL;1301;;4802N 01640E;
AT;STC;Stockerau;Stockerau;3;--3-----;RL;1101;;4823N 01613E;
AT;STO;Stoob;Stoob;;--3-----;RQ;1101;;4731N 01628E;
AT;STR;Stottera;Stottera;1;-----6--;RQ;907;;4746N 01628E;
AT;ST6;Straden;Straden;6;1----6--;RL;1107;;4648N 01552E;
AT;SRB;Strass im Strassertale;Strass im Strassertale;3;--3--6--;RL;1001;;4828N 01544E;
AT;SHF;Strasshof an der Nordbahn;Strasshof an der Nordbahn;3;-23-----;RL;701;;4819N 01640E;
AT;SWN;Strasswalchen;Strasswalchen;5;--3-----;RL;1301;;4759N 01315E;
AT;SZI;Stratzing;Stratzing;3;--3-----;RL;1101;;4827N 01536E;
AT;SBG;Strengberg;Strengberg;3;--3-----;RL;1001;;4808N 01438E;Amstetten
AT;STL;Strobl;Strobl;5;--3-----;RL;1101;;4743N 01329E;
AT;NIS;Stronsdorf;Stronsdorf;3;-----6--;RL;1301;;4839N 01617E;
AT;SUB;Suben;Suben;;--3-----;RL;201;;4824N 01325E;
AT;SUL;Sulz;Sulz;8;--3-----;RQ;907;;4717N 00939E;
AT;TKI;Taiskirchen im Innskreis;Taiskirchen im Innskreis;4;--3-----;RL;701;;4816N 01334E;
AT;TAM;Tamsweg;Tamsweg;5;1----6--;RL;1301;;4708N 01348E;
AT;TAT;Tattendorf;Tattendorf;3;-23-5---;RL;1301;;4757N 01618E;
AT;TKP;Taufkirchen an der Pram;Taufkirchen an der Pram;;123--6--;RL;601;;4825N 01332E;
AT;TEF;Teesdorf;Teesdorf;3;-23-----;RL;507;;4757N 01617E;
AT;TEL;Telfs;Telfs;;--3-----;RL;9805;;;
AT;TEC;Tenneck;Tenneck;;--3-----;RQ;201;;;
AT;TFS;Terfens;Terfens;7;123-----;RL;701;;4719N 01139E;
AT;TNG;Ternberg;Ternberg;4;-23-----;RL;701;;4756N 01422E;
AT;TNZ;Ternitz;Ternitz;;0-------;RQ;9307;;;
AT;TEU;Teufenbach;Teufenbach;6;--3-----;RL;507;;4654N 01513E;
AT;TEX;Texing;Texing;;--3-----;RL;601;;4802N 01519E;
AT;TGU;Thalgau;Thalgau;5;--3-----;RL;307;;4750N 01315E;
AT;THM;Thalheim;Thalheim;6;--3-----;RQ;901;;4711N 01435E;
AT;TBW;Thalheim bei Wels;Thalheim bei Wels;4;-----6--;RL;1301;;4809N 01402E;
AT;THR;Thaur;Thaur;7;-23-----;RL;407;;4718N 01128E;
AT;THS;Theiss;Theiss;3;1-3-----;RL;507;;4823N 01541E;
AT;THG;Thening;Thening;4;--3-----;RL;701;;4815N 01410E;
AT;THF;Theresienfeld;Theresienfeld;3;--3-----;RL;401;;4751N 01614E;
AT;TYN;Theyern;Theyern;3;--3-----;RL;1207;;4821N 01540E;
AT;TOL;Thörl;Thorl;6;--3-----;RQ;212;;;
AT;THN;Thüringen;Thuringen;8;-23-----;RL;901;;4712N 00946E;
AT;TLL;Tillmitsch;Tillmitsch;6;-23-----;RL;1207;;4648N 01528E;
AT;TMA;Timelkam;Timelkam;4;-23-----;RL;701;;4800N 01336E;
AT;TIR;Tirol;Tirol;6;--3-----;RQ;1101;;4742N 01533E;
AT;TRH;Traboch;Traboch;6;--3-----;RQ;1007;;4722N 01459E;
AT;TRA;Tragwein;Tragwein;4;--3-----;RQ;1101;;4820N 01437E;
AT;TIS;Traisen;Traisen;3;--3-----;RL;1307;;4802N 01536E;
AT;TSK;Traiskirchen;Traiskirchen;;--3-----;RQ;9501;;;
AT;TMR;Traismauer;Traismauer;;123-----;RL;601;;4820N 01544E;
AT;TNQ;Traun;Traun;4;--3-----;RL;1101;;4813N 01414E;
AT;TDW;Trausdorf an der Wulka;Trausdorf an der Wulka;;--3-----;RL;607;;4749N 01634E;
AT;TK2;Treffelsdorf;Treffelsdorf;2;--3-----;RL;1407;;4642N 01424E;
AT;TFN;Treffen;Treffen;;--3-----;RQ;201;;;
AT;TBH;Treibach;Treibach;;--3-----;RQ;9501;;;
AT;TPV;Treibach Althofen;Treibach Althofen;2;-----6--;RL;901;;4652N 01428E;
AT;TDF;Tresdorf;Tresdorf;3;--3-----;RL;1401;;4823N 01621E;
AT;TRW;Tribuswinkel;Tribuswinkel;;0-------;RQ;9307;;;
AT;TBE;Trieben;Trieben;;--3-----;RL;201;;4729N 01428E;
AT;TRU;Trumau;Trumau;3;-23-----;RL;1301;;4800N 01620E;
AT;TUL;Tulbing;Tulbing;3;--3-----;RQ;1101;;4817N 01607E;
AT;TLN;Tulln;Tulln;3;--3-----;RL;1101;;4820N 01603E;
AT;TLH;Tumeltsham;Tumeltsham;4;--3-----;RL;1301;;4814N 01330E;
AT;TUE;Türnitz;Turnitz;;--3-----;RL;201;;4755N 01529E;
AT;UBA;Ubelbach;Ubelbach;6;--3-----;RL;901;;4712N 01513E;
AT;UDE;Uderns;Uderns;;-23-----;RL;701;;4719N 01152E;
AT;ULF;Ulmerfeld;Ulmerfeld;;--3-----;RQ;9501;;;
AT;UNG;Ungerdorf;Ungerdorf;6;--3-----;RQ;1101;;4705N 01540E;
AT;UNA;Unterach;Unterach;;--3-----;RL;201;;4748N 01328E;
AT;UBE;Unterbergen;Unterbergen;2;--3-----;RL;1601;;4631N 01417E;
AT;UFN;Unterfladnitz;Unterfladnitz;6;--3-----;RL;1207;;4711N 01540E;
AT;ULB;Unterloiben;Unterloiben;;-23-----;RL;607;;4823N 01532E;
AT;UTK;Untermarkersdorf;Untermarkersdorf;3;--3-----;RL;1207;;4842N 01606E;
AT;UBG;Unternberg;Unternberg;;--3-----;RL;607;;4707N 01344E;
AT;UPS;Unterpremstätten;Unterpremstatten;6;-23-----;RL;401;;4657N 01524E;
AT;URB;Unterradlberg;Unterradlberg;;-23-----;RL;607;;4815N 01541E;
AT;UTB;Unterretzbach;Unterretzbach;3;--3-----;RL;1207;;4846N 01600E;
AT;UWF;Unterweitersdorf;Unterweitersdorf;4;--3-----;RL;1301;;4822N 01428E;
AT;UNZ;Unzmarkt;Unzmarkt;;--3-----;RL;201;;4711N 01426E;
AT;UTD;Uttendorf;Uttendorf;;--3-----;RQ;9501;;;
AT;UTZ;Utzenaich;Utzenaich;4;--3-----;RL;1301;;4817N 01328E;
AT;VTH;Veitsch;Veitsch;6;-----6--;RL;901;;4734N 01529E;
AT;VEL;Velden;Velden;2;123-----;RL;701;;4637N 01403E;
AT;VLM;Velm;Velm;3;--3-----;RL;1207;;4828N 01646E;
AT;VIC;Vichtenstein;Vichtenstein;4;--3-----;RL;1001;;4832N 01340E;
AT;VEH;Viehdorf;Viehdorf;3;--3-----;RL;1207;;4809N 01453E;
AT;;Vienna = Wien;Vienna = Wien;;;;;;;
AT;VDD;Vienna Danubepier Hov;Vienna Danubepier Hov;;---4----;AI;9912;;;
AT;VLH;Villach;Villach;;--3-----;RQ;9501;;;
AT;VTS;Vitis;Vitis;3;--3-----;RL;1207;;4845N 01510E;
AT;VOC;Vöcklabruck;Vocklabruck;;--3-----;RL;201;;4800N 01339E;
AT;VOK;Vöcklamarkt;Vocklamarkt;4;--3-----;RL;507;;4800N 01329E;
AT;VTB;Voitsberg;Voitsberg;;--3-----;RQ;9705;;;
AT;VOT;Völkermarkt;Volkermarkt;2;--3-----;RL;212;;4639N 01437E;
AT;VOE;Völs;Vols;;--3-----;RQ;9704;;;
AT;VMP;Vomp;Vomp;;-23-----;RL;601;;4720N 01140E;
AT;VCO;Vorchdorf;Vorchdorf;4;-23-----;RL;701;;4800N 01355E;
AT;ERM;Vordernberg;Vordernberg;6;1-3-----;RL;1401;;4728N 01500E;
AT;VOF;Vösendorf;Vosendorf;;--3-----;RL;201;;4807N 01619E;
AT;VDS;Vosendorf Sud;Vosendorf Sud;3;-23-----;RL;701;;4806N 01619E;
AT;WON;Wagna;Wagna;6;-23-----;RL;1307;;4645N 01533E;
AT;WAI;Waidhofen an der Thaya;Waidhofen an der Thaya;;--3-----;RL;201;;4848N 01516E;
AT;WAF;Waidhofen an der Ybbs;Waidhofen an der Ybbs;;--3-----;RL;201;;4757N 01446E;
AT;WZK;Waizenkirchen;Waizenkirchen;4;--3-----;RL;1201;;4820N 01352E;
AT;WCE;Walchsee;Walchsee;;--3-----;RQ;9501;;;
AT;WCH;Waldbach;Waldbach;6;-----6--;RL;901;;4727N 01549E;
AT;WBF;Waldburg bei Freistadt;Waldburg bei Freistadt;4;-----6--;RL;1301;;4830N 01426E;
AT;WDG;Waldegg;Waldegg;3;--3-----;RL;1307;;4752N 01602E;
AT;WAK;Waldkirchen am Wesen;Waldkirchen am Wesen;4;--3-----;RL;1001;;4826N 01349E;
AT;WKH;Waldneukirchen;Waldneukirchen;4;--3-----;RL;1301;;4759N 01415E;
AT;WO4;Waldzell;Waldzell;4;--3-----;RL;1501;;4808N 01326E;
AT;WIN;Walkenstein;Walkenstein;1;--3-----;RL;701;;4843N 01544E;
AT;WTH;Wallern an der Trattnach;Wallern an der Trattnach;4;--3-----;RQ;1101;;4814N 01357E;
AT;WSE;Wallsee;Wallsee;3;1-3-----;RL;507;;4810N 01443E;
AT;WAL;Wals;Wals;;--3-----;RL;201;;4747N 01258E;
AT;WPD;Wampersdorf;Wampersdorf;3;--3-----;RQ;1007;;4755N 01625E;
AT;WNG;Wang;Wang;3;--3-----;RL;1601;;4802N 01501E;
AT;WAN;Wannersdorf;Wannersdorf;6;--3-----;RQ;1101;;4717N 01519E;
AT;WRT;Wartberg;Wartberg;6;-23--6--;RL;1101;;4731N 01530E;
AT;WAR;Warth;Warth;;--3-----;RQ;201;;;
AT;WTN;Wattens;Wattens;;--3-----;RQ;9705;;;
AT;WEB;Webersdorf;Webersdorf;5;--3-----;RQ;907;;4757N 01301E;
AT;TWR;Weer;Weer;7;-----6--;RL;901;;4718N 01138E;
AT;WEG;Weigelsdorf;Weigelsdorf;3;--3-----;RQ;1101;;4757N 01624E;
AT;WGR;Weigersdorf;Weigersdorf;4;--3-----;RQ;1101;;4756N 01407E;
AT;WAS;Weikersdorf am Steinfelde;Weikersdorf am Steinfelde;3;-----6--;RL;1301;;4748N 01608E;
AT;WBH;Weilbach;Weilbach;4;--3-----;RL;307;;4817N 01323E;
AT;WLR;Weiler;Weiler;8;--3-----;RQ;1101;;4717N 00939E;
AT;WEU;Weinburg;Weinburg;3;1-------;RL;1307;;4806N 01531E;
AT;WES;Weins;Weins;3;-----6--;RL;1201;;4812N 01501E;
AT;WBA;Weissenbach;Weissenbach;2;--3-----;RL;1101;;4639N 01347E;
AT;WEI;Weissenbach;Weissenbach;6;--3-----;RL;507;;4734N 01413E;
AT;WEE;Weissenbach an der Triesting;Weissenbach an der Triesting;;--3-----;RL;201;;4758N 01601E;
AT;WNK;Weissenkirchen im Attergau;Weissenkirchen im Attergau;;--3-----;RL;607;;4756N 01323E;
AT;WKD;Weissenkirchen in der Wachau;Weissenkirchen in der Wachau;3;--3-----;RL;1001;;4823N 01528E;
AT;WSS;Weissenstein;Weissenstein;;0-------;RQ;9307;;;
AT;WDD;Weissenstein ob der Drau;Weissenstein ob der Drau;2;-----6--;RL;901;;;
AT;WKI;Weisskirchen;Weisskirchen;6;--3-----;RL;901;;4709N 01444E;
AT;WSK;Weisskirchen an der Traun;Weisskirchen an der Traun;;--3-----;RL;201;;4810N 01407E;
AT;WST;Weistrach;Weistrach;3;--3-----;RL;1207;;4803N 01435E;
AT;WET;Weiten;Weiten;3;--3-----;RQ;1101;;4817N 01515E;
AT;WDF;Weitendorf;Weitendorf;6;1-3-----;RL;1401;;4653N 01528E;
AT;WTG;Weitenegg;Weitenegg;3;--3-----;RL;307;;4813N 01517E;
AT;WEZ;Weiz;Weiz;;--3-----;RL;201;;4713N 01536E;
AT;W8B;Welgersdorf;Welgersdorf;1;--3-----;RL;1507;;4714N 01621E;
AT;WSL;Wels;Wels;;--3-----;RQ;9501;;;
AT;WLG;Wendling;Wendling;4;-----6--;RQ;1007;;4814N 01340E;
AT;WGI;Weng im Innkreis;Weng im Innkreis;4;--3-----;RL;701;;4814N 01311E;
AT;WFN;Werfen;Werfen;5;--3-----;RL;1301;;4728N 01311E;
AT;WEN;Wernberg;Wernberg;2;--3-----;RQ;1101;;4637N 01356E;
AT;WER;Werndorf;Werndorf;6;--3-----;RL;501;;4655N 01529E;
AT;WNO;Wernersdorf;Wernersdorf;6;--3-----;RL;701;;4643N 01512E;
AT;WUF;Wesenufer;Wesenufer;4;--3-----;RL;701;;4827N 01348E;
AT;WTD;Westendorf;Westendorf;7;--3-----;RL;1301;;4726N 01213E;
AT;WYR;Weyer;Weyer;4;-----6--;RL;1107;;4751N 01439E;
AT;WE3;Wiedendorf;Wiedendorf;3;--3-----;RL;1507;;4830N 01546E;
AT;WIE;Wielandsthal;Wielandsthal;3;--3-----;RQ;1101;;4818N 01541E;
AT;VIE;Wien;Wien;9;---45---;AI;1601;;4812N 01622E;@Sub@Coo
AT;WNF;Wiener Neudorf;Wiener Neudorf;;--3-----;RL;9811;;;
AT;WNR;Wiener Neustadt;Wiener Neustadt;;--3-----;RQ;9501;;;
AT;WS6;Wies;Wies;6;--3-----;RL;1207;;4643N 01516E;
AT;WBG;Wieselburg;Wieselburg;;--3-----;RL;9811;;;
AT;WLP;Wildalpen;Wildalpen;6;--3-----;RL;1207;;4739N 01459E;
AT;WDB;Wildendürnbach;Wildendurnbach;3;--3-----;RL;701;;4845N 01630E;
AT;WDO;Wildon;Wildon;;-23--6--;RL;607;;4653N 01531E;
AT;WID;Wildschonau;Wildschonau;7;--3-----;RL;1507;;4727N 01203E;
AT;WIH;Wildshut;Wildshut;;--3-----;RL;201;;4759N 01253E;
AT;WIL;Wildungsmauer;Wildungsmauer;3;--3-----;RL;1001;;4806N 01648E;
AT;SDO;Wilfersdorf;Wilfersdorf;3;--3-----;RL;1207;;4835N 01638E;
AT;WBU;Wilhelmsburg;Wilhelmsburg;;-23--6--;RL;607;;4806N 01536E;
AT;WHE;Wilhering;Wilhering;4;--3-----;RQ;1001;;4819N 01412E;
AT;WIF;Willendorf;Willendorf;3;-----6--;RL;1301;;4747N 01603E;
AT;WMP;Wimpassing;Wimpassing;;0-------;RQ;9307;;;
AT;ZAB;Wimpassing an der Laitha;Wimpassing an der Laitha;1;-----6--;RL;901;;4755N 01625E;
AT;WSH;Wimpassing im Schwarzatale;Wimpassing im Schwarzatale;6;-----6--;RL;901;;4745N 01600E;
AT;WB2;Windhaag Bei Freistadt;Windhaag Bei Freistadt;4;--3-----;RL;1507;;4835N 01433E;
AT;OCW;Winkel;Winkel;;--3-----;RL;201;;4810N 01528E;
AT;WLN;Wolfern;Wolfern;4;-----6--;RL;1301;;4804N 01422E;
AT;WOL;Wolfpassing;Wolfpassing;3;--3-----;RL;212;;4804N 01503E;
AT;8HN;Wolfsbach;Wolfsbach;3;--3-----;RL;1507;;4804N 01440E;
AT;WOF;Wolfsberg (Kärnten);Wolfsberg (Karnten);;--3-----;RL;201;;4651N 01450E;
AT;WIS;Wolfsberg im Schwarzautal;Wolfsberg im Schwarzautal;;-----6--;RL;901;;4885N 15659E;
AT;WFG;Wolfsegg am Hausruck;Wolfsegg am Hausruck;4;--3-----;RL;1301;;4806N 01340E;
AT;WFT;Wolfurt;Wolfurt;8;--3-----;RL;201;;4728N 00945E;
AT;WWT;Wolkersdorf;Wolkersdorf;3;--3-----;RL;701;;4823N 01631E;
AT;WSD;Wöllersdorf;Wollersdorf;;-2---6--;RL;607;;4805N 01553E;
AT;WLL;Wöllersdorf-Steinabrückl;Wollersdorf-Steinabruckl;1;-23-----;RL;701;;4751N 01610E;
AT;QXZ;Wörgl;Worgl;;--3-----;RL;201;;4729N 01204E;
AT;WTB;Worterberg;Worterberg;8;--3-----;RQ;901;;4713N 01606E;
AT;WOS;Wösendorf;Wosendorf;;--3-----;RL;607;;4822N 01527E;
AT;WUL;Wulkaprodersdorf;Wulkaprodersdorf;1;1-3-----;RL;1401;;4748N 01630E;
AT;NRF;Wultendorf;Wultendorf;3;-----6--;RL;1301;;4840N 01628E;
AT;WLZ;Wulzeshofen;Wulzeshofen;;0-------;RQ;9307;;;
AT;WDU;Wundschuh;Wundschuh;6;--3-----;RL;1601;;4655N 01527E;
AT;WUR;Würflach;Wurflach;3;--3-----;RQ;907;;4746N 01603E;
AT;WUP;Wurzenpass;Wurzenpass;2;--3-----;RL;1301;;4631N 01345E;
AT;YBB;Ybbs an der Donau;Ybbs an der Donau;3;--3-----;RL;507;;4810N 01505E;
AT;YBS;Ybbsitz;Ybbsitz;3;--3-----;RQ;907;;4756N 01453E;
AT;ZAM;Zams;Zams;7;-23-----;RL;307;;4709N 01035E;
AT;A9Z;Zaussenberg;Zaussenberg;3;--3-----;RL;1601;;4826N 01559E;
AT;ZER;Zeiselmauer;Zeiselmauer;3;--3-----;RQ;1101;;4820N 01610E;
AT;ZMO;Zell am Moos;Zell am Moos;4;--3-----;RL;701;;4754N 01319E;
AT;ZPE;Zell am Pettenfirst;Zell am Pettenfirst;4;--3-----;RL;701;;4803N 01334E;
AT;ZAS;Zell am See;Zell am See;;--3-----;RL;201;;4719N 01247E;
AT;ZEZ;Zell am Ziller;Zell am Ziller;;--3-----;RL;201;;4713N 01153E;
AT;ZTW;Zeltweg;Zeltweg;;--3-----;RQ;101;;;
AT;ZMD;Zemendorf-Stöttera;Zemendorf-Stottera;1;--3-----;RL;1601;;4745N 01627E;
AT;ZTG;Zettling;Zettling;;--3-----;RL;607;;4657N 01525E;
AT;ZIE;Ziersdorf;Ziersdorf;;--3-----;RL;201;;4831N 01555E;
AT;ZIP;Zipf;Zipf;;--3-----;RL;201;;4802N 01330E;
AT;ZIR;Zirl;Zirl;;--3-----;RL;201;;4717N 01113E;
AT;ZIS;Zistersdorf;Zistersdorf;;--3-----;RL;201;;4832N 01645E;
AT;ZNG;Zobing;Zobing;3;1-------;RL;1301;;4829N 01541E;
AT;ZUR;Zurndorf;Zurndorf;1;--3-----;RQ;1001;;4758N 01700E;
AT;ZRS;Zürs;Zurs;8;---4----;AI;212;;4710N 01010E;
AT;ZWD;Zwentendorf;Zwentendorf;3;--3-----;RL;1307;;4836N 01626E;More than one place with this name
AT;ZDD;Zwentendorf an der Donau;Zwentendorf an der Donau;3;--3--6--;RL;1307;;4820N 01554E;
AT;ZWT;Zwettl;Zwettl;;--3-----;RQ;9704;;;More than one place with this name
AT;QWE;Zwölfaxing;Zwolfaxing;3;--3-----;RL;1407;;4806N 01628E;
