HU;ABA;Aba;Aba;FE;--3-----;RQ;1001;;4702N 01831E
HU;ABK;Abadszalok;Abadszalok;JN;-----6--;RQ;1001;;4728N 02037E
HU;ABB;Abasár;Abasar;HE;--3-----;RL;1601;;4748N 02000E
HU;HAM;Abaújszántó;Abaujszanto;BZ;-----6--;RL;901;;4817N 02112E
HU;GSA;Abda;Abda;GS;-----6--;RQ;1007;;4742N 17330E
HU;ABD;Abod;Abod;BZ;--3-----;RL;1301;;4823N 02047E
HU;ABO;Abony;Abony;PE;-2------;RL;207;;4711N 02000E
HU;HAY;Acs;Acs;KE;-----6--;RL;901;;4742N 01801E
HU;ADY;Adony;Adony;FE;123-----;RL;212;;4707N 01852E
HU;AGE;Agerdomajor;Agerdomajor;;-2------;QQ;8202;;
HU;AGF;Agfalva;Agfalva;;-2------;RL;212;;4741N 01631E
HU;AGG;Aggtelek;Aggtelek;;--3-----;QQ;8202;;
HU;AJK;Ajka;Ajka;;-23-----;RL;601;;4706N 01734E
HU;ATO;Akasztó;Akaszto;BK;--3-----;RL;701;;4641N 01912E
HU;ALA;Alattyán;Alattyan;JN;--3--6--;RL;501;;4726N 02003E
HU;ALB;Albertirsa;Albertirsa;PE;-2------;RL;207;;4714N 01936E
HU;ALG;Algyo;Algyo;CS;--3-----;RQ;901;;
HU;AFU;Almásfüzitó;Almasfuzito;KE;123-----;RL;212;;4742N 01816E
HU;AMS;Alsomocsolad;Alsomocsolad;BA;--3-----;RL;1301;;4619N 01815E
HU;SNM;Alsónémedi;Alsonemedi;PE;--3-----;RL;907;;4719N 01911E
HU;ALS;Alsóörs;Alsoors;;123-----;RL;601;;4659N 01759E
HU;ASZ;Alsozsolca;Alsozsolca;BZ;1-3-----;RL;1401;;4804N 02053E
HU;ANA;Anarcs;Anarcs;SZ;--3-----;RL;1501;;4810N 02206E
HU;AND;Andocs;Andocs;SO;--3-----;RQ;1007;;4664N 17920E
HU;AKT;Andornaktálya;Andornaktalya;;123-----;RL;601;;4750N 02025E
HU;ADF;Andrásfa;Andrasfa;VA;--3-----;RL;1301;;4657N 01647E
HU;A8Y;Annavolgy;Annavolgy;KE;--3-----;RL;1501;;4742N 01840E
HU;APO;Áporka;Aporka;PE;--3-----;RL;1301;;4714N 01901E
HU;APG;Apostag;Apostag;;--3-----;RQ;101;;
HU;ART;Artánd;Artand;;--3-----;RL;212;;4707N 02146E
HU;ZAR;Aszar;Aszar;BK;1-------;RQ;901;;
HU;AZD;Aszód;Aszod;PE;--3-----;RL;901;;4739N 01930E
HU;BAB;Bábolna;Babolna;KE;--3-----;RL;212;;4738N 01758E
HU;BCS;Bácsalmás;Bacsalmas;BK;--3-----;RL;1507;;4607N 01920E
HU;BAC;Bácsbokod;Bacsbokod;BK;--3-----;RL;901;;4607N 01910E
HU;BRS;Badacsonyörs;Badacsonyors;VE;1----6--;RL;901;;4648N 01732E
HU;BGO;Bagod;Bagod;ZA;-23--6--;RL;507;;4652N 01644E
HU;KZB;Baj;Baj;KE;--3-----;RL;901;;4739N 01822E
HU;BAA;Baja;Baja;BK;-23-----;RL;307;;4611N 01858E
HU;BAJ;Bajánsenye;Bajansenye;;--3-----;RL;212;;4648N 01623E
HU;BAO;Bajot;Bajot;KE;--3-----;RQ;1007;;4772N 01855E
HU;BAK;Bakonysárkány;Bakonysarkany;KE;--3-----;RL;1601;;4727N 01806E
HU;BAL;Balassagyarmat;Balassagyarmat;;--3-----;QQ;8202;;
HU;BTN;Balaton;Balaton;HE;--3-----;RQ;907;;4806N 02019E
HU;BAD;Balatonalmadi;Balatonalmadi;VE;--3-----;RL;1301;;4702N 01801E
HU;BLT;Balatonboglár;Balatonboglar;;--3-----;RL;212;;4646N 01740E
HU;BUO;Balatonfuzfo;Balatonfuzfo;VE;-----6--;RL;1107;;4704N 01803E
HU;BLA;Balatonfuzfo;Balatonfuzfo;VE;--3-----;RL;901;;4704N 01803E
HU;BAE;Balatonlelle;Balatonlelle;SO;--3-----;RQ;1001;;4647N 01741E
HU;BZD;Balatonoszöd;Balatonoszod;SO;--3-----;RL;1601;;4648N 01748E
HU;BZO;Balatonszárszó;Balatonszarszo;SO;1----6--;RL;1201;;4650N 01750E
HU;BLF;Balf;Balf;SN;--3-----;RL;1507;;4739N 01640E
HU;BZS;Balmazújváros;Balmazujvaros;HB;--3-----;RL;701;;4736N 02120E
HU;BND;Bank;Bank;NO;--3-----;RL;1207;;4756N 01911E
HU;BAN;Bánréve;Banreve;;--3-----;RL;212;;4818N 02022E
HU;QW2;Baracska;Baracska;FE;--3-----;RL;1501;;4717N 01846E
HU;HAQ;Barand;Barand;HB;-----6--;RL;901;;4718N 02114E
HU;HAN;Barcs;Barcs;SO;-----6--;RL;901;;4557N 01727E
HU;RVK;Bárdudvarnok;Bardudvarnok;SO;--3-----;RL;901;;4620N 01741E
HU;BAI;Bataapati;Bataapati;TO;-----6--;RL;901;;4613N 07164E
HU;BTY;Bátonyterenye;Batonyterenye;NO;--3-----;RL;901;;4758N 01950E
HU;BFA;Becefa;Becefa;BA;--3-----;RL;1401;;4604N 01751E
HU;BKS;Bekecs;Bekecs;BZ;--3-----;RL;1507;;4809N 02111E
HU;BES;Békés;Bekes;BE;-2------;RL;212;;4645N 02107E
HU;BEK;Békéscsaba;Bekescsaba;;--3-----;RL;212;;4641N 02106E
HU;HAP;Bekesszentandras;Bekesszentandras;BE;-----6--;RL;901;;4652N 02029E
HU;BPF;Bélapátfalva;Belapatfalva;HE;--3-----;RL;1301;;4803N 02022E
HU;BEL;Beled;Beled;GY;--3-----;RL;1301;;4727N 01705E
HU;BRC;Bercel;Bercel;NO;-23-----;RQ;1001;;4752N 01925W
HU;BKF;Berekfürdo;Berekfurdo;JN;--3-----;RL;1101;;4723N 02051E
HU;BTF;Berettyóúfalu;Berettyoufalu;HB;-23-----;RL;507;;4713N 02132E
HU;BDA;Berhida;Berhida;VE;1----6--;RL;901;;4770N 01808E
HU;BZE;Berzence;Berzence;;123-----;RL;601;;4612N 01709E
HU;BYK;Besenyotelek;Besenyotelek;HE;--3-----;RL;1507;;4742N 02026E
HU;BEZ;Bezeréd;Bezered;ZA;--3-----;RL;1301;;4652N 01700E
HU;BTB;Biatorbágy;Biatorbagy;PE;-23-----;RL;501;;4728N 01849E
HU;BIC;Bicske;Bicske;;-23-----;RL;601;;4728N 01838E
HU;BIH;Biharkeresztes;Biharkeresztes;HB;-23-----;RL;212;;4708N 02143E
HU;BGB;Biharnagybajom;Biharnagybajom;HB;--3-----;RL;1307;;4713N 02114E
HU;BRI;Biri;Biri;SZ;-----6--;RL;901;;4749N 02151E
HU;HAO;Birjan;Birjan;BA;-----6--;RL;901;;4559N 01822E
HU;BOS;Bocs;Bocs;BZ;-----6--;RQ;1001;;4802N 02057E
HU;BOC;Bocsa;Bocsa;BK;--3-----;RQ;907;;4636N 01930E
HU;BJK;Bodajk;Bodajk;FE;--3-----;RL;901;;4719N 01814E
HU;BGZ;Bodrogkeresztúr;Bodrogkeresztur;BZ;--3-----;RL;1301;;4810N 02122E
HU;RRV;Bodrogkisfalud;Bodrogkisfalud;BZ;--3-----;RL;901;;4811N 02122E
HU;HAI;Bokros;Bokros;CS;-----6--;RL;901;;4645N 02002E
HU;BOL;Bóly;Boly;BA;--3-----;RL;212;;4558N 01831E
HU;BOY;Bony;Bony;GS;--3-----;RL;1301;;4739N 01752E
HU;BON;Bonyhád;Bonyhad;;--3-----;RL;212;;4618N 01832E
HU;BOH;Börcs;Borcs;GS;--3-----;RL;1301;;4741N 01730E
HU;BOD;Borsod;Borsod;BZ;--3-----;RL;901;;4819N 02045E
HU;BOR;Borsodnádasd;Borsodnadasd;BZ;--3-----;RL;701;;4807N 02013E
HU;BSK;Borsodszirák;Borsodszirak;BZ;--3-----;RL;1207;;4816N 02046E
HU;BOT;Botykapeterd;Botykapeterd;BA;-----6--;RL;901;;4603N 01752E
HU;BUC;Bucsu;Bucsu;;--3-----;QQ;8202;;
HU;BKL;Budakalász;Budakalasz;PE;-----6--;RL;901;;4737N 01903E
HU;ESZ;Budakeszi;Budakeszi;PE;-----6--;RQ;907;;4731N 01856E
HU;BUA;Budaörs;Budaors;;-23-----;RL;207;;4727N 01857E
HU;BUD;Budapest;Budapest;BU;1--45---;AI;1601;;4730N 01905E
HU;HAD;Bugyi;Bugyi;PE;-----6--;RL;901;;4713N 01909E
HU;BUE;Bük;Buk;VA;--3-----;RL;1301;;4723N 01645E
HU;BUK;Bük;Buk;VA;--3-----;RL;212;;4723N 01644E
HU;BU2;Bükkösd;Bukkosd;BA;--3-----;RL;1601;;4606N 01759E
HU;CEG;Cegléd;Cegled;;--3-----;RL;212;;4710N 01948E
HU;CEL;Celldömölk;Celldomolk;VA;-23-----;RL;901;;4715N 01709E
HU;CSA;Csaszar;Csaszar;KE;--3-----;RQ;907;;4730N 01809E
HU;CVY;Csávoly;Csavoly;BK;--3-----;RL;701;;4611N 01908E
HU;CDE;Csegold;Csegold;SZ;--3-----;RL;1507;;4754N 02241E
HU;HAS;Csemo;Csemo;PE;-----6--;RL;901;;4707N 01942E
HU;CGE;Csenger;Csenger;;-23--6--;RL;601;;4750N 02241E
HU;CSE;Csengersima;Csengersima;;--3-----;QQ;8202;;
HU;CND;Csengod;Csengod;BK;--3-----;RL;1507;;4643N 01916E
HU;CPE;Csepel;Csepel;PE;1-3-----;RL;212;;4725N 01904E
HU;CSP;Csepreg;Csepreg;VA;-23-----;RL;1201;;4724N 01643E
HU;CSD;Cserszegtomaj;Cserszegtomaj;;--3-----;RL;601;;4648N 01713E
HU;CSZ;Csesztreg;Csesztreg;ZA;-----6--;RQ;1001;;4670N 01652E
HU;HAR;Csévharaszt;Csevharaszt;PE;-----6--;RL;901;;4718N 01926E
HU;CKY;Csokvaomany;Csokvaomany;BZ;--3-----;RL;1501;;4810N 02023E
HU;CMD;Csomád;Csomad;PE;--3-----;RL;1207;;4740N 01914E
HU;CMR;Csömör;Csomor;PE;123-----;RL;307;;4733N 01914E
HU;CGD;Csongrad;Csongrad;;--3-----;RL;2;;
HU;CSO;Csorna;Csorna;GS;-23-----;RL;207;;4736N 01714E
HU;CSV;Csorvas;Csorvas;;--3-----;RL;701;;4637N 02048E
HU;8TW;Csót;Csot;VE;--3-----;RL;1407;;4722N 01737E
HU;C4S;Csovár;Csovar;PE;--3-----;RL;1407;;4749N 01920E
HU;CSU;Csurgo;Csurgo;SO;-23-----;RL;207;;4616N 01705E
HU;HAC;Dabas;Dabas;PE;-----6--;RL;901;;4711N 01919E
HU;DZT;Dánszentmiklós;Danszentmiklos;PE;--3-----;RL;1601;;4713N 01933E
HU;DEB;Debrecen;Debrecen;;1--4----;AI;9601;;
HU;DZK;Deszk;Deszk;CS;--3-----;RL;701;;4613N 02015E
HU;DVV;Devavanya;Devavanya;BE;-----6--;RL;1107;;4702N 02058E
HU;DIO;Diósd;Diosd;PE;--3-----;RL;901;;4724N 01857E
HU;DOB;Dombóvár;Dombovar;TO;-23-----;RL;212;;4622N 01808E
HU;DRG;Dorog;Dorog;KE;--3-----;RL;701;;4743N 01844E
HU;DRA;Drávaszabolcs;Dravaszabolcs;;--3-----;RL;212;;4548N 01813E
HU;DGP;Drégelypalánk;Dregelypalank;NO;-----6--;RL;901;;4803N 01903E
HU;DDA;Dudar;Dudar;;--3--6--;RQ;607;;4719N 01756E
HU;BOG;Dunabogdány;Dunabogdany;PE;--3-----;RL;1301;;4747N 01902E
HU;DFV;Dunaföldvár;Dunafoldvar;TO;--3-----;RL;1301;;4648N 01855E
HU;DSZ;Dunaharaszti;Dunaharaszti;;0-------;QQ;;;
HU;DKZ;Dunakeszi;Dunakeszi;;0-------;QQ;;;
HU;DKI;Dunakiliti;Dunakiliti;GS;--3-----;RL;907;;4758N 01717E
HU;DPA;Dunapataj;Dunapataj;BK;123-----;RL;212;;4637N 01859E
HU;DRE;Dunaremete;Dunaremete;GS;1-3-----;RL;212;;4753N 01726E
HU;DUS;Dunaszentbenedek;Dunaszentbenedek;BK;--3-----;RL;1301;;4635N 01853E
HU;DUZ;Dunaszentmiklós;Dunaszentmiklos;KE;--3-----;RL;212;;4742N 01822E
HU;DUU;Dunaújváros;Dunaujvaros;FE;123-----;RL;507;;4658N 01856E
HU;DUK;Dunavarsány;Dunavarsany;;-23-----;RL;601;;4717N 01905E
HU;DVE;Dunavecse;Dunavecse;BK;123-----;RL;212;;4655N 01858E
HU;DUO;Dusnok;Dusnok;ZA;--3-----;RL;1301;;4635N 01657E
HU;EBS;Ebes;Ebes;HB;1-------;RQ;907;;4728N 02130E
HU;ECR;Ecser;Ecser;PE;--3-----;RL;901;;4727N 01920E
HU;EGR;Eger;Eger;;0-------;QQ;;;
HU;EGE;Egerszalok;Egerszalok;HE;--3-----;RL;1507;;4752N 02020E
HU;ELK;Elek;Elek;;--3-----;RQ;607;;4631N 02114E
HU;ENC;Encs;Encs;BZ;-2------;RL;207;;4820N 02107E
HU;EDF;Endrefalva;Endrefalva;NO;-23-----;RL;307;;4808N 01935E
HU;ENY;Enying;Enying;FE;-----6--;RL;901;;4656N 01815E
HU;EPE;Eperjeske;Eperjeske;;-2------;QQ;8202;;
HU;ERC;Ercsi;Ercsi;FE;1-------;RQ;901;;
HU;HAA;Erd;Erd;PE;-----6--;RL;901;;4722N 01856E
HU;ERD;Erdobenye;Erdobenye;BZ;1----6--;RL;1107;;4816N 02122E
HU;RDE;Erdokertes;Erdokertes;PE;--3-----;RL;212;;4740N 01919E
HU;ESD;Ersekcsanad;Ersekcsanad;BK;--3-----;RQ;1507;;4515N 01859E
HU;EXH;Érsekhalma;Ersekhalma;BK;--3-----;RL;1301;;4621N 01907E
HU;EST;Esztergom;Esztergom;;1-------;QQ;8202;;
HU;FAC;Fácánkert;Facankert;;-23-----;RL;601;;4627N 01844E
HU;FKY;Farkaslyuk;Farkaslyuk;BZ;--3-----;RL;1301;;4811N 02019E
HU;HAV;Farmos;Farmos;PE;-----6--;RL;901;;4722N 01951E
HU;FGA;Fehérgyarmat;Fehergyarmat;SZ;--3-----;RL;701;;4759N 02231E
HU;HAU;Felcsut;Felcsut;FE;-----6--;RL;901;;4727N 01835E
HU;FEL;Felsolajos;Felsolajos;BK;--3-----;RL;1301;;4704N 01931E
HU;FNY;Felsönyék;Felsonyek;;-23--6--;RL;601;;4647N 01817E
HU;HAE;Felsopakony;Felsopakony;PE;-----6--;RL;901;;4721N 01915E
HU;FOS;Felsoszenterzsébet;Felsoszenterzsebet;ZA;--3-----;RL;1507;;4645N 01627E
HU;FTK;Felsotarkany;Felsotarkany;HE;--3-----;RL;1507;;4758N 02025E
HU;FZC;Felsozsolca;Felsozsolca;;--3-----;RQ;907;;4806N 02052E
HU;FKE;Fenyeslitke;Fenyeslitke;SZ;--3-----;RL;1507;;4816N 02206E
HU;FVS;Ferencvaros;Ferencvaros;PE;1-3-----;RQ;901;;4728N 01905E
HU;FEO;Fertöd;Fertod;GS;--3-----;RL;207;;4734N 01653E
HU;FZS;Fertoszentmiklós;Fertoszentmiklos;GS;--3-----;RL;1307;;4735N 01653E
HU;FER;Fertöújlak;Fertoujlak;;-23-----;RL;207;;4741N 01652E
HU;FEZ;Fertrszentmiklós;Fertrszentmiklos;GS;--3-----;RQ;501;;4734N 01653E
HU;FKT;Fokto;Fokto;BK;--3-----;RL;1601;;4631N 01855E
HU;FOT;Fót;Fot;PE;-23-----;RL;501;;4737N 01912E
HU;FUY;Fuezesabony;Fuezesabony;HE;-----6--;RQ;1001;;4775N 02040E
HU;FUO;Fügöd;Fugod;BZ;--3-----;RL;207;;4818N 02106E
HU;SBY;Fuzesabony;Fuzesabony;KE;-----6--;RL;1107;;4745N 02025E
HU;FYZ;Füzesgyarmat;Fuzesgyarmat;BE;-23-----;RL;1201;;4706N 02113E
HU;FYT;Füzfögyártelep;Fuzfogyartelep;VE;--3-----;RL;907;;4705N 01802E
HU;GDY;Gárdony;Gardony;FE;--3-----;RL;901;;4712N 01839E
HU;GCS;Gecse;Gecse;VM;--3-----;RL;901;;4727N 01732E
HU;HAW;Gelej;Gelej;BZ;-----6--;RL;901;;4750N 02047E
HU;GER;Gerendás;Gerendas;BE;--3-----;RL;907;;
HU;GRL;Gerla;Gerla;BE;--3-----;RL;207;;4642N 02111E
HU;OOD;Göd;God;PE;1-3-----;RL;901;;4742N 01908E
HU;GDL;Gödöllö;Godollo;PE;--3-----;RL;1101;;4736N 01922E
HU;GOA;Gógánfa;Goganfa;VE;-23--6--;RL;507;;4701N 01711E
HU;GOM;Gomba;Gomba;PE;--3-----;RL;1407;;4722N 01932E
HU;GNY;Gónyú;Gonyu;GS;1-3-----;RL;212;;4744N 01750E
HU;GOR;Görbeháza;Gorbehaza;HB;--3-----;RL;1301;;4749N 02114E
HU;GRG;Görgeteg;Gorgeteg;SO;--3-----;RL;1501;;4609N 01726E
HU;GYL;Gyál;Gyal;PE;-23-----;RL;212;;4723N 01912E
HU;GYE;Gyekenyes;Gyekenyes;;-2------;QQ;8202;;
HU;GYH;Gyomaendrod;Gyomaendrod;;--3-----;RQ;9501;;
HU;GYR;Gyömrö;Gyomro;PE;-2------;RL;207;;4725N 01924E
HU;GGY;Gyöngyös;Gyongyos;HE;-23-----;RL;607;;4747N 01955E
HU;GLM;Gyongyossolymos;Gyongyossolymos;HE;--3-----;RL;1507;;4749N 01956E
HU;GYJ;Gyöngyöstárjan;Gyongyostarjan;;--3-----;RL;607;;4748N 01952E
HU;GYO;Gyor;Gyor;GS;1-------;RL;1101;;4741N 01738E
HU;GYD;Györladamér;Gyorladamer;GS;--3-----;RL;1201;;4745N 01734E
HU;GYU;Gyula;Gyula;;--3-----;QQ;8202;;
HU;HAJ;Hajdúböszörmény;Hajduboszormeny;HB;--3-----;RL;212;;4740N 02131E
HU;HDR;Hajdúnánás;Hajdunanas;HB;--3-----;RL;1301;;4751N 02126E
HU;HJS;Hajdúsámson;Hajdusamson;HB;--3-----;RL;1307;;4736N 02146E
HU;HJM;Hajmáskér;Hajmasker;VE;--3-----;RL;1601;;4709N 01801E
HU;AJS;Hajos;Hajos;BK;--3-----;RL;1507;;4623N 01907E
HU;HAB;Halásztelek;Halasztelek;BK;--3-----;RL;307;;4701N 01902E
HU;HAL;Halásztelek;Halasztelek;PE;1-3-----;RL;307;;4722N 01859E
HU;HRT;Harta;Harta;BK;1-------;RL;1401;;4641N 01901E
HU;HRY;Hater;Hater;;--3-----;RL;9805;;
HU;HAT;Hatvan;Hatvan;;0-------;RQ;9307;;
HU;HEG;Hegyeshalom;Hegyeshalom;;-23-----;QQ;8202;;
HU;HYF;Hegyfalu;Hegyfalu;VA;1----6--;RL;1107;;4721N 01653E
HU;HJB;Hejobába;Hejobaba;BZ;--3-----;RL;1301;;4754N 02057E
HU;HAX;Hejokurt;Hejokurt;BZ;-----6--;RL;901;;4752N 02100E
HU;HCD;Hencida;Hencida;HB;--3-----;RL;1301;;4715N 02142E
HU;HGO;Herceghalom;Herceghalom;PE;--3-----;RL;701;;4730N 01845E
HU;HER;Hercegszántó;Hercegszanto;;--3-----;RL;212;;4557N 01856E
HU;HEV;Heves;Heves;HE;-23--6--;RL;501;;4736N 02017E
HU;HEZ;Heviz;Heviz;ZA;--3-----;RL;1301;;4647N 01711E
HU;HIS;Hidasnémeti;Hidasnemeti;;-2------;RL;212;;4830N 02114E
HU;HDM;Hódmezovásárhely;Hodmezovasarhely;CS;-23-----;RL;907;;4625N 02020E
HU;HRZ;Hort;Hort;HE;--3-----;RL;1407;;4742N 01947E
HU;HOS;Hosszúpereszteg;Hosszupereszteg;VA;--3-----;RL;1301;;4706N 01701E
HU;BRY;Ibrány;Ibrany;SZ;--3-----;RL;1301;;4808N 02143E
HU;ILD;Iklad;Iklad;PE;-----6--;RL;901;;4740N 01927E
HU;INA;Inárcs;Inarcs;PE;--3-----;RL;1507;;4716N 01920E
HU;IPO;Ipolytarnóc;Ipolytarnoc;;-23-----;RL;212;;4814N 01938E
HU;IPS;Ipolytölgyes;Ipolytolgyes;PE;--3-----;RL;207;;4755N 01846E
HU;SPE;Isaszeg;Isaszeg;PE;--3-----;RL;1207;;4732N 01924E
HU;IZY;Iszkaszentgyörgy;Iszkaszentgyorgy;FE;-----6--;RL;901;;4714N 01818E
HU;IVA;Ivan;Ivan;GS;--3-----;RQ;901;;4727N 01655E
HU;IZK;Izsák;Izsak;BK;--3-----;RL;701;;4648N 01921E
HU;BZI;Izsofalva;Izsofalva;BZ;-----6--;RQ;907;;4818N 02040E
HU;JAO;Jánoshalma;Janoshalma;BK;--3-----;RL;212;;4618N 01919E
HU;JHA;Jánosháza;Janoshaza;;-23-----;RL;607;;4707N 01710E
HU;JAN;Jánossomorja;Janossomorja;GS;-23-----;RL;401;;4748N 01707E
HU;JSZ;Jászapáti;Jaszapati;;-23-----;RL;601;;4730N 02009E
HU;JKZ;Jászárokszállás;Jaszarokszallas;;123-----;RL;601;;4738N 01958E
HU;JAS;Jászberény;Jaszbereny;;-23-----;RL;507;;4729N 01954E
HU;JAF;Jászfényszaru;Jaszfenyszaru;JN;-23-----;RL;212;;4734N 01943E
HU;KAB;Kaba;Kaba;HB;-23-----;RL;507;;4721N 02117E
HU;KJZ;Kajaszo;Kajaszo;FE;--3-----;RQ;907;;4719N 01844E
HU;KAL;Kál;Kal;HE;--3-----;RL;1301;;4743N 02015E
HU;KCO;Kalocsa;Kalocsa;BK;123-----;RL;212;;4631N 01900E
HU;KAP;Kaposfo;Kaposfo;SO;--3-----;RL;1301;;4621N 01739E
HU;KPK;Kaposújlak;Kaposujlak;SO;--3-----;RL;1507;;4622N 01744E
HU;KPS;Kaposvár;Kaposvar;;--3-----;RL;212;;4622N 01748E
HU;KVP;Kapuvár;Kapuvar;;--3-----;RL;212;;4736N 01702E
HU;KAR;Karcag;Karcag;JN;123-----;RL;207;;4718N 02055E
HU;KAT;Kartal;Kartal;PE;--3-----;RL;1301;;4740N 01933E
HU;CSK;Kaszok;Kaszok;BK;--3-----;RQ;901;;
HU;KAZ;Kazincbarcika;Kazincbarcika;BZ;-23-----;RL;207;;4815N 02039E
HU;XEL;Kecel;Kecel;BK;1----6--;RL;1107;;
HU;CKS;Kecskéd;Kecsked;KE;--3-----;RL;1407;;4731N 01819E
HU;KCS;Kecskemet;Kecskemet;;0-------;QQ;;;
HU;KKU;Kekkut;Kekkut;VE;1----6--;RL;901;;4651N 01734E
HU;KEL;Kelebia;Kelebia;;-2------;QQ;8202;;
HU;VES;Kemeneshogyész;Kemeneshogyesz;VE;--3-----;RL;1307;;4721N 01718E
HU;KEM;Kemeneskápolna;Kemeneskapolna;VA;--3-----;RL;1301;;4712N 01707E
HU;KGY;Kerekegyháza;Kerekegyhaza;;--3-----;RQ;607;;4656N 01929E
HU;KRK;Kereki;Kereki;;--3-----;RQ;607;;4680N 01791E
HU;KRS;Kerepes;Kerepes;PE;-----6--;RQ;1001;;4732N 01916E
HU;KPE;Kerepestarcsa;Kerepestarcsa;PE;--3-----;RL;701;;4734N 01916E
HU;KER;Kernye;Kernye;;--3-----;RL;201;;4701N 02110E
HU;KEZ;Keszthely;Keszthely;ZA;-23-----;RL;207;;4646N 01715E
HU;KET;Ketegyhaza;Ketegyhaza;BE;1-3-----;RQ;901;;
HU;KHY;Kéthely;Kethely;SO;--3-----;RL;701;;4639N 01723E
HU;KVE;Kevermes;Kevermes;BE;--3-----;RL;207;;4624N 02111E
HU;KIM;Kimle;Kimle;GS;--3-----;RL;1407;;4750N 01722E
HU;KIR;Királd;Kirald;BZ;-23-----;RL;1201;;4815N 02024E
HU;KBJ;Kisbajcs;Kisbajcs;GS;--3-----;RL;1407;;4745N 01741E
HU;KBR;Kisber;Kisber;KE;-----6--;RQ;1001;;4730N 01802E
HU;KKS;Kiskõrös;Kiskoros;BK;-23-----;RL;907;;4637N 01917E
HU;KIS;Kiskunfélegyháza;Kiskunfelegyhaza;;--3-----;RL;212;;4643N 01951E
HU;KSK;Kiskunhalas;Kiskunhalas;;0-------;QQ;;;
HU;ZHA;Kiskunlacháza;Kiskunlachaza;PE;-----6--;RQ;907;;4712N 01901E
HU;ZHK;Kiskunlacháza;Kiskunlachaza;PE;--3-----;RL;1307;;4712N 01901E
HU;KMJ;Kiskunmajsa;Kiskunmajsa;;--3--6--;RQ;607;;4629N 01344E
HU;KSJ;Kismarj;Kismarj;HB;--3-----;RL;1501;;4715N 02150E
HU;KIT;Kistarcsa;Kistarcsa;KE;--3-----;RL;407;;4732N 01756E
HU;KLK;Kistelek;Kistelek;CS;-23-----;RL;207;;4628N 01958E
HU;KJA;Kisújszállás;Kisujszallas;JN;--3-----;RL;1301;;4713N 02046E
HU;KIA;Kisvárda;Kisvarda;SZ;123-----;RL;212;;4813N 02204E
HU;KZR;Kiszombor;Kiszombor;CS;-----6--;RQ;1001;;4611N 02026E
HU;KSR;Kocsér;Kocser;PE;-----6--;RQ;1001;;4700N 01954E
HU;KOK;Kóka;Koka;PE;--3-----;RL;1301;;4729N 01935E
HU;KOM;Komárom;Komarom;;123-----;RL;212;;4744N 01807E
HU;KLM;Komlóska;Komloska;BZ;--3-----;RL;1507;;4820N 02128E
HU;KMO;Komoró;Komoro;SZ;--3-----;RL;1301;;4818N 02207E
HU;KZA;Kópháza;Kophaza;GS;--3-----;RL;701;;4738N 01639E
HU;KOR;Körmend;Kormend;VA;123-----;RL;407;;4701N 01636E
HU;HAG;Környe;Kornye;KE;--3--6--;RL;901;;4733N 01820E
HU;KRO;Koroncó;Koronco;GS;--3-----;RL;701;;4736N 01732E
HU;KSD;Körösladány;Korosladany;BE;-23-----;RL;507;;4658N 02105E
HU;KOZ;Koszárhegy;Koszarhegy;FE;--3-----;RL;901;;4706N 01820E
HU;KOS;Koszeg;Koszeg;;-23-----;RL;207;;4723N 01623E
HU;KOT;Kötegyán;Kotegyan;;-23-----;RL;212;;4644N 02128E
HU;KZL;Kovagoszolos;Kovagoszolos;BA;--3-----;RL;1207;;4605N 01808E
HU;KS8;Kulcs;Kulcs;FE;-----6--;RL;1107;;4703N 01855E
HU;KUN;Kunhegyes;Kunhegyes;JN;-23-----;RL;901;;4722N 02038E
HU;KMD;Kunmadaras;Kunmadaras;JN;-23-----;RL;307;;4725N 02047E
HU;KSZ;Kunszallas;Kunszallas;BK;-----6--;RL;901;;4646N 01945E
HU;KZT;Kunszentmárton;Kunszentmarton;JN;--3-----;RL;1307;;4650N 02017E
HU;KZM;Kunszentmiklós;Kunszentmiklos;BK;--3-----;RL;901;;4702N 01908E
HU;HZG;Kunsziget;Kunsziget;GS;--3-----;RL;901;;4744N 01731E
HU;LAB;Lábatlan;Labatlan;;123-----;RL;607;;4745N 01831E
HU;SLO;Lábod;Labod;SO;--3-----;RL;1601;;4612N 01727E
HU;LMY;Lágymányos;Lagymanyos;;123-----;RL;601;;4728N 01903E
HU;LAJ;Lajosmizse;Lajosmizse;BK;-2------;RL;207;;4701N 01903E
HU;LAK;Lakhegy;Lakhegy;ZA;--3-----;RL;701;;4655N 01652E
HU;LAI;Lakihegy;Lakihegy;PE;--3-----;RL;901;;4722N 01901E
HU;LKK;Lakitelek;Lakitelek;BK;--3-----;RL;701;;4652N 01959E
HU;LT9;Látrány;Latrany;SO;--3-----;RL;1307;;4645N 01745E
HU;LYF;Leányfalu;Leanyfalu;PE;--3-----;RL;1301;;4743N 01905E
HU;LNR;Leanyvar;Leanyvar;KE;-----6--;RL;901;;4768N 01877E
HU;LBY;Lebeny;Lebeny;GS;--3-----;RL;901;;4744N 01723E
HU;LYI;Lengyeltóti;Lengyeltoti;SO;--3-----;RL;1401;;4640N 01739E
HU;LEN;Lenti;Lenti;ZA;-----6--;RQ;1007;;4637N 01632E
HU;LES;Lesencetom;Lesencetom;VE;--3-----;RQ;907;;4651N 01722E
HU;LET;Letenye;Letenye;;--3-----;QQ;8202;;
HU;LTR;Litér;Liter;VE;-23-----;RL;1201;;4706N 01801E
HU;LOK;Lokösháza;Lokoshaza;;-23-----;RL;212;;4625N 02124E
HU;LRC;Lörinci;Lorinci;HE;--3-----;RL;701;;4744N 01941E
HU;FE3;Lovasberény;Lovasbereny;FE;--3-----;RL;1407;;4718N 01833E
HU;LVA;Lovászi;Lovaszi;ZA;--3-----;RL;1401;;4633N 01634E
HU;LOV;Lövo;Lovo;GS;--3-----;RL;1307;;4730N 01647E
HU;LUK;Lukácsháza;Lukacshaza;VA;--3-----;RL;901;;
HU;MDA;Mad;Mad;BZ;--3-----;RL;701;;4812N 02117E
HU;MAD;Madocsa;Madocsa;TO;-23-----;RL;307;;4641N 01858E
HU;MGD;Maglod;Maglod;PE;-----6--;RL;901;;4727N 01922E
HU;MGO;Mágocs;Magocs;BA;--3-----;RL;1507;;6421N 01814E
HU;MYH;Magyarbánhegyes;Magyarbanhegyes;BE;--3-----;RL;212;;4627N 02057E
HU;MGB;Magyarbóly;Magyarboly;;-2------;RL;212;;4551N 01829E
HU;MGF;Magyarfalva;Magyarfalva;;-2------;QQ;8202;;
HU;MJA;Majoshaza;Majoshaza;PE;-----6--;RQ;1001;;4716N 01900E
HU;MKO;Mako;Mako;CS;--3-----;RL;701;;4613N 02029E
HU;MAY;Malyi;Malyi;BZ;--3-----;RL;1207;;4801N 02050E
HU;MNK;Mandok;Mandok;SZ;-----6--;RQ;1001;;4819N 02212E
HU;MAR;Marcali;Marcali;SO;--3-----;RL;207;;4635N 01724E
HU;MTY;Mártély;Martely;CS;1-3-----;RL;901;;4629N 02013E
HU;MFE;Martfü;Martfu;JN;--3-----;RL;212;;4701N 02016E
HU;MNR;Martonvásár;Martonvasar;FE;-----6--;RL;901;;4718N 01847E
HU;MAT;Mátészalka;Mateszalka;SZ;-2------;RL;212;;4757N 02219E
HU;MKN;Mecseknádasd;Mecseknadasd;;1-3-----;RL;601;;4613N 01828E
HU;MED;Medgyesegyhaza;Medgyesegyhaza;BE;--3-----;RL;1107;;4630N 02102E
HU;MEH;Méhkerék;Mehkerek;BE;--3-----;RL;1307;;4647N 02127E
HU;BKR;Mélykut;Melykut;BK;--3-----;RL;1407;;4612N 01923E
HU;MZY;Mezöberény;Mezobereny;BE;-2------;RL;212;;4649N 02101E
HU;MZF;Mezofalva;Mezofalva;FE;--3-----;RQ;907;;4656N 01846E
HU;MZK;Mezokomárom;Mezokomarom;FE;--3-----;RL;1601;;4650N 01817E
HU;MKS;Mezokovácsháza;Mezokovacshaza;;--3-----;RL;201;;4624N 02053E
HU;MEZ;Mezokövesd;Mezokovesd;BZ;--3-----;RL;212;;4749N 02035E
HU;VEZ;Mezolak;Mezolak;VE;--3-----;RL;1407;;4720N 01722E
HU;MZO;Mezõtúr;Mezotur;JN;--3-----;RL;701;;4700N 02038E
HU;ZZB;Mezozombor;Mezozombor;BZ;-23--6--;RL;901;;4809N 02116E
HU;MYZ;Mihályháza;Mihalyhaza;;--3--6--;RL;601;;4718N 01720E
HU;MIR;Mirelite;Mirelite;;0-------;RQ;9307;;
HU;MCQ;Miskolc;Miskolc;;1--4----;AI;9601;;
HU;MYD;Mogyoród;Mogyorod;PE;-----6--;RL;1201;;4736N 01915E
HU;MOH;Mohács;Mohacs;;1-------;RL;212;;4600N 01841E
HU;MON;Monor;Monor;PE;-----6--;RQ;1001;;4720N 01926E
HU;MOR;Mór;Mor;FE;--3-----;RL;207;;4722N 01812E
HU;MHO;Mórahalom;Morahalom;CS;--3-----;RL;701;;4613N 01953E
HU;MNM;Mosonmagyaróvár;Mosonmagyarovar;GS;--3-----;RL;212;;4731N 01716E
HU;MOZ;Mosonszolnok;Mosonszolnok;GS;-23-----;RL;307;;4751N 01711E
HU;MSY;Mucsony;Mucsony;BZ;--3-----;RQ;907;;4816N 02041E
HU;MUR;Murakeresztúr;Murakeresztur;;-2------;RL;212;;4621N 01653E
HU;NAS;Nádasd;Nadasd;VA;-23-5---;RL;1201;;4657N 01637E
HU;NAD;Nádudvar;Nadudvar;HB;-23-----;RL;307;;4725N 02110E
HU;NGT;Nagyatád;Nagyatad;;--3-----;RL;212;;4613N 01722E
HU;NGB;Nagybajom;Nagybajom;SO;1-------;RQ;1001;;4623N 17310E
HU;FUG;Nagyfüged;Nagyfuged;HE;--3-----;RL;1301;;4741N 02007E
HU;NYH;Nagyharsány;Nagyharsany;BA;--3-----;RL;1307;;4550N 01823E
HU;NAY;Nagyigmánd;Nagyigmand;KE;-23-----;RL;401;;4738N 01805E
HU;NYO;Nagykallo;Nagykallo;SZ;-----6--;RQ;1001;;4747N 02150E
HU;NGY;Nagykanizsa;Nagykanizsa;;--3-----;RQ;9501;;
HU;NAA;Nagykata;Nagykata;PE;-----6--;RQ;1001;;4725N 01944E
HU;NKS;Nagykörös;Nagykoros;;--3-----;RL;207;;4701N 01946E
HU;NYC;Nagykovácsi;Nagykovacsi;PE;--3-----;RL;901;;4735N 01853E
HU;NAG;Nagylak;Nagylak;;--3-----;QQ;8202;;
HU;NGM;Nagymaros;Nagymaros;PE;-2------;RL;1201;;4747N 01858E
HU;ZAN;Nagypáli;Nagypali;ZA;--3-----;RL;1407;;4655N 01651E
HU;NZA;Nagyrada;Nagyrada;ZA;1-3-----;RL;1401;;4637N 01707E
HU;AEW;Nagyrecse;Nagyrecse;ZA;--3-----;RL;1501;;4629N 01700E
HU;NGD;Nagyréde;Nagyrede;HE;--3-----;RL;212;;4746N 01951E
HU;NSK;Nagyszekeres;Nagyszekeres;SZ;--3-----;RL;1601;;4758N 02237E
HU;NSA;Nagytarcsa;Nagytarcsa;PE;--3-----;RL;1207;;4732N 01917E
HU;N2G;Nagyvenyim;Nagyvenyim;DU;--3-----;RL;1407;;4658N 01851E
HU;NMS;Nemessándorháza;Nemessandorhaza;ZA;-----6--;RL;1201;;4647N 01657E
HU;NEM;Nemesvámos;Nemesvamos;;--3-----;RL;201;;4703N 01752E
HU;NSZ;Neszmély;Neszmely;;123-----;RL;607;;4743N 01821E
HU;NOG;Nógrád;Nograd;NO;--3-----;RL;1501;;4755N 01903E
HU;NZO;Noszlop;Noszlop;VE;--3-----;RL;1407;;4711N 01728E
HU;NZJ;Noszvaj;Noszvaj;HE;--3-----;RL;1207;;4756N 02029E
HU;NVA;Nova;Nova;ZA;--3-----;RL;1301;;4641N 01641E
HU;NOV;Novaj;Novaj;HE;-----6--;RL;1107;;
HU;LNC;Nyarlrrinc;Nyarlrrinc;BK;--3-----;RL;701;;4651N 01952E
HU;NKH;Nyékládháza;Nyekladhaza;BZ;--3-----;RL;1301;;4759N 02050E
HU;NGU;Nyergesújfalu;Nyergesujfalu;KE;--3-----;RL;701;;4746N 01833E
HU;NYI;Nyírábrány;Nyirabrany;;-23-----;RL;212;;4733N 02202E
HU;NDO;Nyiradony;Nyiradony;HB;--3-----;RL;1207;;4741N 02155E
HU;NBR;Nyírbátor;Nyirbator;SZ;-23-----;RL;212;;4750N 02208E
HU;NYB;Nyirbogdany;Nyirbogdany;SZ;--3-----;RQ;907;;4803N 02153E
HU;NGH;Nyíregyháza;Nyiregyhaza;;--3-----;RL;212;;4757N 02143E
HU;NYR;Nyírgelse;Nyirgelse;SZ;-23-----;RL;212;;4745N 02158E
HU;STZ;Nyírmada;Nyirmada;SZ;--3-----;RL;1301;;4804N 02212E
HU;NHY;Nyírmihálydi;Nyirmihalydi;SZ;--3-----;RL;701;;4744N 02159E
HU;NYT;Nyírtelek;Nyirtelek;SZ;--3-----;RL;901;;4801N 02138E
HU;NYL;Nyúl;Nyul;GS;-----6--;RL;901;;4735N 01741E
HU;OCS;Ócsa;Ocsa;;-23-----;RL;601;;4718N 01914E
HU;OKY;Oerkeny;Oerkeny;PE;-----6--;RQ;1001;;4707N 01925E
HU;OFE;Ofeherto;Ofeherto;SZ;--3-----;RQ;1007;;4756N 02203E
HU;OLZ;Olasz;Olasz;BA;-----6--;RL;901;;4601N 01825E
HU;OER;Ör;Or;SZ;--3-----;RL;1301;;4759N 02212E
HU;OTN;Orbottyán;Orbottyan;PE;-----6--;RL;901;;4741N 01916E
HU;OGV;Orgovány;Orgovany;BK;--3-----;RL;1407;;4644N 01928E
HU;ORK;Örkény;Orkeny;PE;--3-----;RL;1601;;4708N 01926E
HU;ORS;Orosháza;Oroshaza;;--3-----;RL;212;;4634N 02040E
HU;ORO;Oroszlány;Oroszlany;KE;-23--6--;RL;401;;4729N 01819E
HU;5OS;Ostffyasszonyfa;Ostffyasszonyfa;VA;--3-----;RL;1501;;4719N 01703E
HU;HOT;Ostoros;Ostoros;HE;--3-----;RL;1407;;4752N 02026E
HU;OZD;Ózd;Ozd;BZ;--3-----;RL;901;;4813N 02018E
HU;PCS;Pacsa;Pacsa;ZA;--3-----;RL;1507;;4643N 01701E
HU;PAH;Páhi;Pahi;BK;--3-----;RL;1301;;4642N 01923E
HU;PAK;Paks;Paks;TO;-23-----;RL;207;;4637N 01851E
HU;PAL;Pálmonostora;Palmonostora;BK;1----6--;RL;901;;4638N 01956E
HU;OOK;Palotabozsok;Palotabozsok;BA;--3-----;RL;1301;;4608N 01839E
HU;NPP;Palotás;Palotas;NO;--3-----;RL;1601;;4747N 01935E
HU;PAN;Pánd;Pand;PE;--3-----;RL;1301;;4721N 01938E
HU;PNL;Pannonhalma;Pannonhalma;GS;--3-----;RL;1507;;4733N 01745E
HU;PAP;Pápa;Papa;;--3-----;RL;212;;4720N 01728E
HU;PKS;Papkeszi;Papkeszi;VE;--3-----;RQ;907;;4705N 01805E
HU;PAR;Parassapuszta;Parassapuszta;;--3-----;QQ;8202;;
HU;PAS;Paszto;Paszto;NO;--3-----;RQ;907;;4755N 01942E
HU;PAT;Patak;Patak;NO;--3-----;RL;1207;;4802N 01909E
HU;PTY;Páty;Paty;;--3-----;RL;201;;4731N 01850E
HU;PEL;Pécel;Pecel;BK;--3-----;RL;901;;4729N 01921E
HU;PEC;Pécs;Pecs;;--3-----;RL;212;QPJ;4605N 01814E
HU;PCL;Pécsely;Pecsely;;-23-----;RL;1107;;
HU;PED;Pécsvárad;Pecsvarad;BA;--3-----;RL;1407;;4609N 01825W
HU;PGY;Peremarton-Gyártelep;Peremarton-Gyartelep;VE;--3-----;RL;701;;4708N 01806E
HU;PER;Perkupa;Perkupa;;-23-----;RL;607;;4828N 02042E
HU;PFU;Pétfürdö;Petfurdo;VE;--3-----;RL;907;;4710N 01807E
HU;4PS;Petnehaza;Petnehaza;SZ;--3-----;RL;1501;;4804N 02205E
HU;HAF;Petofibánya;Petofibanya;HE;--3--6--;RL;901;;4746N 01943E
HU;PIS;Pilis;Pilis;PE;--3-----;RL;1501;;4717N 01933E
HU;PCA;Piliscsaba;Piliscsaba;PE;--3-----;RL;701;;4737N 01850E
HU;SCV;Piliscsév;Piliscsev;BK;--3-----;RL;901;;4741N 01849E
HU;PIJ;Pilisjászfalu;Pilisjaszfalu;PE;--3-----;RL;1301;;4739N 01847E
HU;PMT;Pilismarot;Pilismarot;KE;--3-----;RQ;901;;4747N 01853E
HU;PZV;Pilisszentiván;Pilisszentivan;PE;--3-----;RL;701;;4737N 01854E
HU;PLL;Pilisvörösvár;Pilisvorosvar;PE;--3-----;RL;212;;4737N 01855E
HU;HBB;Polgar;Polgar;HB;-----6--;RL;901;;4752N 02107E
HU;POM;Pomáz;Pomaz;PE;-23-----;RL;701;;4739N 01901E
HU;PUS;Püspökmolnári;Puspokmolnari;VA;--3-----;RL;1201;;4706N 01648E
HU;PZB;Pusztaberki;Pusztaberki;NO;--3-----;RL;1301;;4758N 01910E
HU;PUZ;Pusztamiske;Pusztamiske;VE;--3-----;RL;1201;;4704N 01727E
HU;PTT;Pusztamonostor;Pusztamonostor;JN;-----6--;RQ;1001;;4733N 01948E
HU;PSU;Pusztaszabolcs;Pusztaszabolcs;FE;-23--6--;RL;507;;4708N 01846E
HU;PZS;Pusztaszer;Pusztaszer;CS;--3-----;RL;907;;4633N 01959E
HU;RAB;Rábafüzes;Rabafuzes;;--3-----;QQ;207;;4657N 01619E
HU;RBP;Rábapatona;Rabapatona;GS;--3-----;RL;1501;;4738N 01729E
HU;RLS;Rácalmás;Racalmas;FE;-----6--;RL;901;;4701N 01856E
HU;RAA;Ráckeve;Rackeve;;--3-----;RL;212;;4710N 01857E
HU;RJK;Rajka;Rajka;;-23-----;QQ;8202;;
HU;RJB;Rajkabrany;Rajkabrany;;-2------;QQ;8202;;
HU;RAK;Rákóczifalva;Rakoczifalva;SK;--3-----;RL;901;;4705N 02014E
HU;ZZ3;Ramocsahaza;Ramocsahaza;SZ;--3-----;RL;1507;;4803N 02200E
HU;RAT;Ratka;Ratka;BZ;--3-----;RL;1207;;4813N 02114E
HU;REE;Rede;Rede;KE;--3-----;RL;1207;;4726N 01755E
HU;RED;Rédics;Redics;;--3-----;RL;212;;4637N 01629E
HU;RPK;Répcelak;Repcelak;VA;--3-----;RL;212;;4725N 01701E
HU;HBD;Rétközberencs;Retkozberencs;SZ;--3--6--;RL;901;;4812N 02201E
HU;RTG;Rétság;Retsag;;--3-----;RL;212;;4756N 01908E
HU;REV;Révleányvár;Revleanyvar;BZ;--3-----;RQ;1001;;4832N 02204E
HU;XXX;RIS Inland waterways;RIS Inland waterways;;1-------;AI;1101;;
HU;ROS;Röszke;Roszke;;-23-----;RL;207;;4611N 02002E
HU;RUS;Ruzsa;Ruzsa;CS;--3-----;RL;1301;;4617N 01945E
HU;SAG;Ságvár;Sagvar;;--3-----;RL;607;;4650N 01807E
HU;SBB;Sajobabony;Sajobabony;BZ;--3-----;RQ;907;;4810N 02044E
HU;SAJ;Sajószentpéter;Sajoszentpeter;BZ;-23-----;RL;212;;4813N 02043E
HU;HUY;Sajószöged;Sajoszoged;BZ;--3-----;RL;1301;;4757N 02100E
HU;SAL;Salgótarján;Salgotarjan;;--3-----;RL;212;;4807N 01949E
HU;HBG;Santos;Santos;SO;-----6--;RL;901;;4621N 01753E
HU;PSA;Sáp;Sap;HB;--3-----;RL;1407;;4715N 02122E
HU;SBG;Sárbogárd;Sarbogard;FE;-23-----;RL;307;;4653N 01838E
HU;HBF;Sarisap;Sarisap;KE;-----6--;RL;901;;4741N 01841E
HU;SKD;Sarkad;Sarkad;BE;--3-----;RL;901;;4645N 02123E
HU;SKZ;Sarkeresztes;Sarkeresztes;FE;--3-----;RQ;907;;4715N 01821E
HU;SOB;Sármellék;Sarmellek;ZA;---4----;AI;212;;4643N 01710E
HU;RSP;Sárospatak;Sarospatak;;123-----;RL;601;;4819N 02134E
HU;SMI;Sárszentmihály;Sarszentmihaly;FE;-23--6--;RL;507;;4709N 01820E
HU;SVR;Sárvár;Sarvar;VA;-23-----;RL;501;;4715N 01656E
HU;SAT;Sátoraljaújhely;Satoraljaujhely;;-23-----;RL;212;;4824N 02140E
HU;SVY;Savoly;Savoly;;--3--6--;RQ;607;;4635N 01715E
HU;SGS;Seregélyes;Seregelyes;FE;--3-----;RL;701;;4707N 01835E
HU;SIK;Siklós;Siklos;BA;--3-----;RL;212;;4550N 01818E
HU;SRY;Simontornya;Simontornya;TO;-23-----;RL;207;;4645N 01833E
HU;SIO;Siófok;Siofok;SO;-23-----;RL;507;;4654N 01803E
HU;SRK;Sirok;Sirok;HE;-----6--;RQ;907;;4756N 02012E
HU;SOL;Solt;Solt;BA;--3-----;RL;1207;;4647N 01900E
HU;SVK;Soltvadkert;Soltvadkert;BK;--3-----;RL;701;;4634N 01923E
HU;SLR;Solymar;Solymar;PE;-----6--;RL;901;;4735N 01855E
HU;SHY;Somlovasarhely;Somlovasarhely;VE;--3-----;RL;1207;;4707N 01723E
HU;SOY;Somogycsicsó;Somogycsicso;SO;--3-----;RL;1301;;4618N 01707E
HU;SGZ;Somogyszob;Somogyszob;SO;--3-----;RQ;907;;4618N 01718E
HU;SMG;Somogyudvarhely;Somogyudvarhely;SO;--3-----;RL;1301;;4610N 01712E
HU;SOM;Somoskoújfalu;Somoskoujfalu;;-23-----;RL;212;;4809N 01949E
HU;SOP;Sopron;Sopron;;-23-----;QQ;8202;;
HU;SPG;Sopron Gysev;Sopron Gysev;;-2------;QQ;8202;;
HU;SND;Sopronkovesd;Sopronkovesd;GS;-----6--;RQ;1001;;4733N 01645E
HU;SOR;Söréd;Sored;FE;--3-----;RL;1407;;4719N 01817E
HU;ZXQ;Sormas;Sormas;ZA;--3-----;RL;1501;;4627N 01655E
HU;KUT;Soskut;Soskut;BK;-----6--;RQ;1007;;4649N 01905E
HU;SUO;Sukoró;Sukoro;FE;-----6--;RQ;1001;;4714N 01836E
HU;SKO;Sükösd;Sukosd;BK;--3-----;RL;701;;4617N 01900E
HU;SUE;Sümeg;Sumeg;VM;--3-----;RL;1301;;4659N 01717E
HU;SUT;Sütto;Sutto;KE;--3-----;RL;1501;;4745N 01827E
HU;HBE;Szabadbattyán;Szabadbattyan;FE;-----6--;RL;901;;4707N 01823E
HU;SGY;Szabadegyháza;Szabadegyhaza;;-23--6--;RL;601;;4705N 01842E
HU;SDS;Szabadszallas;Szabadszallas;BK;-----6--;RQ;1001;;4656N 01913E
HU;SBS;Szabolcs;Szabolcs;BZ;--3-----;RQ;907;;4811N 02130E
HU;SDA;Szada;Szada;PE;--3-----;RL;701;;4738N 01919E
HU;SZJ;Szajol;Szajol;JN;--3-----;RL;207;;4711N 02017E
HU;SDT;Szakadát;Szakadat;TO;-23-----;RL;1201;;4632N 01829E
HU;SZA;Szálanta;Szalanta;;--3-----;RL;601;;4556N 01814E
HU;AAA;Szalkszentmarton;Szalkszentmarton;BK;--3-----;RL;1107;;4658N 01901E
HU;SSZ;Szamosszeg;Szamosszeg;SZ;--3-----;RQ;1001;;4803N 02222E
HU;SAK;Szank;Szank;BK;--3-----;RL;1301;;4633N 01940E
HU;SNY;Szany;Szany;GS;--3-----;RL;1507;;4728N 01718E
HU;SZV;Szárcsás;Szarcsas;;--3-----;RL;201;;4712N 02119E
HU;SZF;Szárföld;Szarfold;GS;--3-----;RL;1301;;4736N 01707E
HU;SVS;Szarvas;Szarvas;;-23-----;RL;207;;4652N 02033E
HU;SBK;Szászberek;Szaszberek;JN;--3-----;RL;1301;;4719N 02006E
HU;SZT;Szatta;Szatta;VA;--3-----;RL;1301;;4648N 01629E
HU;SZZ;Szatymaz;Szatymaz;CS;-----6--;RL;901;;4621N 02003E
HU;SZB;Százhalombatta;Szazhalombatta;;-23-----;RL;601;;4720N 01856E
HU;SCY;Szécsény;Szecseny;;-23-----;RL;601;;4805N 01932E
HU;SZE;Szeged;Szeged;;1-------;QQ;8202;;
HU;SHA;Szeghalom;Szeghalom;;--3-----;RL;701;;4701N 02110E
HU;CSS;Szegvar;Szegvar;CS;-----6--;RQ;1007;;
HU;SZR;Székesfehérvár;Szekesfehervar;;--3-----;RL;212;;4712N 01825E
HU;SZK;Szekszárd;Szekszard;;--3-----;RL;212;;4621N 01843E
HU;SME;Szemere;Szemere;BZ;-----6--;RQ;907;;4846N 02109E
HU;SZN;Szendro;Szendro;BZ;--3-----;RL;901;;4824N 02044E
HU;NW7;Szenna;Szenna;SO;--3-----;RL;1401;;4618N 01744E
HU;STF;Szentantalfa;Szentantalfa;VE;--3-----;RL;1507;;4655N 01741E
HU;SZD;Szentendre;Szentendre;PE;1-3-----;RL;212;;4742N 01903E
HU;SZS;Szentes;Szentes;CS;--3-----;RL;701;;4639N 02016E
HU;SZG;Szentgotthárd;Szentgotthard;;-2------;RL;212;;4657N 01620E
HU;SOA;Szentlorinc;Szentlorinc;BA;-----6--;RQ;1001;;4602N 01759E
HU;SNA;Szentlorinckáta;Szentlorinckata;PE;-23--6--;RL;507;;4731N 01945E
HU;8SZ;Szentmártonkáta;Szentmartonkata;PE;--3-----;RL;1407;;4727N 01942E
HU;SZC;Szerencs;Szerencs;;--3-----;RL;701;;4811N 02112E
HU;PES;Szigetcsép;Szigetcsep;PE;1-3-----;RL;901;;4716N 01859E
HU;SGH;Szigethalom;Szigethalom;PE;--3-----;RL;701;;4720N 01900E
HU;SZM;Szigetszentmiklós;Szigetszentmiklos;PE;123-----;RL;407;;4721N 01903E
HU;SZI;Szigetvár;Szigetvar;BA;-23-----;RL;212;;4602N 01748E
HU;SZ2;Szikszo;Szikszo;BZ;--3-----;RL;1301;;4812N 02056E
HU;GYY;Szil;Szil;GS;--3-----;RL;1407;;4730N 01714E
HU;SZO;Szob;Szob;;-2------;QQ;8202;;
HU;HBH;Szodliget;Szodliget;PE;-----6--;RL;901;;4744N 01909E
HU;SZL;Szolnok;Szolnok;;0-------;QQ;;;
HU;SZY;Szombathely;Szombathely;;--3-----;RQ;9501;;
HU;SMO;Szomor;Szomor;KE;--3-----;RL;901;;4735N 01840E
HU;SMS;Szorgalmatos;Szorgalmatos;;-23-----;RL;601;;4758N 02122E
HU;SYG;Szügy;Szugy;;-23-----;RL;607;;4802N 01920E
HU;TAB;Tab;Tab;SO;--3-----;RL;901;;4644N 01802E
HU;TDI;Tabdi;Tabdi;BK;--3-----;RL;1301;;4641N 01918E
HU;THT;Tahitotfalu;Tahitotfalu;PE;1----6--;RL;901;;4745N 01906E
HU;TAK;Takacsi;Takacsi;VE;--3-----;RL;1501;;4724N 01729E
HU;TSY;Taksony;Taksony;PE;-----6--;RL;901;;4720N 01905E
HU;TAY;Tállya;Tallya;BZ;--3-----;RL;1401;;4814N 02114E
HU;TMS;Tamási;Tamasi;TO;--3-----;RL;901;;4638N 01817E
HU;5TP;Tapioszecso;Tapioszecso;PE;--3-----;RL;1501;;4727N 01936E
HU;HBI;Tapioszele;Tapioszele;PE;-----6--;RL;901;;4720N 01953E
HU;TAP;Tapolca;Tapolca;VE;-23-----;RL;207;;4653N 01726E
HU;T5S;Tápszentmiklós;Tapszentmiklos;GS;--3-----;RL;1501;;4729N 01751E
HU;TRC;Tarcal;Tarcal;;-23-----;RL;607;;4808N 02121E
HU;TAR;Tardona;Tardona;BZ;--3-----;RL;1301;;4810N 02032E
HU;TZY;Tarnaszadány;Tarnaszadany;HE;--3-----;RL;701;;4741N 02008E
HU;RTK;Tárnok;Tarnok;PE;--3-----;RL;901;;4722N 01851E
HU;TRP;Tarpa;Tarpa;SZ;--3-----;RL;1207;;4806N 02232E
HU;TAT;Tata;Tata;KE;--3-----;RL;207;;4738N 01818E
HU;TAA;Tatabánya;Tatabanya;KE;-23-----;RL;212;;4733N 01826E
HU;HBJ;Teglas;Teglas;HB;-----6--;RL;901;;4743N 02141E
HU;TEL;Telekgerendás;Telekgerendas;BE;-23-----;RL;307;;4639N 02056E
HU;TEN;Tenk;Tenk;HE;--3-----;RL;1301;;4739N 02021E
HU;TEY;Tényo;Tenyo;GS;--3-----;RL;1201;;4732N 01739E
HU;HBT;Tépe;Tepe;HB;--3-----;RL;901;;4719N 02135E
HU;TKD;Teskánd;Teskand;ZA;--3-----;RL;1407;;4650N 01646E
HU;TET;Tét;Tet;GS;--3-----;RL;1501;;4731N 01730E
HU;TIM;Timár;Timar;SZ;--3-----;RL;1201;;4810N 02128E
HU;TZD;Tiszabezded;Tiszabezded;SZ;-----6--;RQ;1001;;4822N 02209E
HU;TFD;Tiszafüred;Tiszafured;JN;-----6--;RL;901;;4737N 02046E
HU;TIZ;Tiszakécske;Tiszakecske;BK;-23-----;RL;1201;;4656N 02006E
HU;TZK;Tiszalök;Tiszalok;SZ;-23-----;RL;501;;4801N 02123E
HU;TIS;Tiszapüspöki;Tiszapuspoki;JN;--3-----;RL;1301;;4712N 02019E
HU;CCC;Tiszaszentmárton;Tiszaszentmarton;SZ;--3-----;RL;1307;;4823N 02214E
HU;TZS;Tiszaújváros;Tiszaujvaros;BZ;--3-----;RL;212;;4756N 02104E
HU;TZV;Tiszavasvári;Tiszavasvari;SZ;--3-----;RL;212;;4758N 02121E
HU;HBC;Tofalu;Tofalu;HE;-----6--;RL;901;;4747N 02015E
HU;TKO;Tok;Tok;PE;-----6--;RL;901;;4734N 01844E
HU;TOJ;Tokaj;Tokaj;SZ;1----6--;RL;901;;4807N 02125E
HU;OKD;Tokod;Tokod;KE;--3-----;RL;901;;4743N 01840E
HU;EED;Tokodaltaro;Tokodaltaro;FE;--3-----;RL;1507;;4713N 01841E
HU;TKL;Tokol;Tokol;PE;1----6--;RQ;1007;;4732N 18967E
HU;TOL;Tököl;Tokol;PE;--3-----;RL;1301;;4719N 01857E
HU;TOS;Tolcsva;Tolcsva;;--3-----;RL;607;;4817N 02127E
HU;TNA;Tolna;Tolna;TO;--3-----;RL;701;;4626N 01847E
HU;TSA;Töltéstava;Toltestava;GS;--3-----;RL;701;;4737N 01744E
HU;TOM;Tompa;Tompa;;--3-----;QQ;8202;;
HU;TOD;Tornanádaska;Tornanadaska;;-23-----;RL;212;;4834N 02047E
HU;TON;Tornyosnémeti;Tornyosnemeti;;--3-----;RL;212;;4831N 02116E
HU;4TS;Tornyospalca;Tornyospalca;SZ;--3-----;RL;1501;;4816N 02211E
HU;TKB;Törökbálint;Torokbalint;;--3-----;RL;212;;4726N 01855E
HU;TOK;Törökszentmiklós;Torokszentmiklos;;-23-----;RL;601;;4710N 02025E
HU;TRY;Torony;Torony;VA;--3-----;RL;901;;4714N 01632E
HU;TO4;Törtel;Tortel;PE;--3-----;RL;1601;;4707N 01956E
HU;TZG;Tószeg;Toszeg;JN;--3-----;RL;901;;4706N 02009E
HU;TOT;Tótvázsony;Totvazsony;;--3-----;RL;901;;4701N 01747E
HU;TUR;Tura;Tura;;--3-----;RL;1107;;4736N 01935E
HU;TKV;Turkeve;Turkeve;JN;--3-----;RQ;901;;4706N 02045E
HU;TSB;Tuzser;Tuzser;SZ;--3-----;RL;1207;;4821N 02208E
HU;TYO;Tyukod;Tyukod;SZ;--3-----;RL;907;;4751N 02235E
HU;UDV;Udvar;Udvar;;--3-----;QQ;8202;;
HU;UHO;Újfehértó;Ujfeherto;SZ;--3-----;RL;701;;4748N 02141E
HU;UJH;Újhartyán;Ujhartyan;PE;-23-----;RL;407;;4713N 01923E
HU;PEU;Ujlengyel;Ujlengyel;PE;--3-----;RL;1407;;4713N 01927E
HU;UPS;Újpest;Ujpest;;1-3-----;RL;601;;4734N 01905E
HU;UJR;Újrónafo;Ujronafo;GS;--3-----;RL;1301;;4748N 01712E
HU;UZA;Újszász;Ujszasz;JN;--3-----;RL;701;;4718N 02005E
HU;UJS;Ujszentivan;Ujszentivan;CS;--3-----;RL;1507;;4611N 02011E
HU;ULS;Ulles;Ulles;CS;--3-----;RQ;907;;4620N 01951E
HU;ULL;Üllo;Ullo;PE;-23-----;RL;507;;4723N 01921E
HU;URA;Uraiújfalu;Uraiujfalu;VA;--3-----;RL;1601;;4722N 01659E
HU;UOM;Üröm;Urom;PE;--3-----;RL;1401;;4736N 01901E
HU;VAC;Vác;Vac;PE;-23-----;RL;212;;4747N 01907E
HU;VAJ;Vaja;Vaja;SZ;--3-----;RL;1301;;4800N 02210E
HU;VAM;Vámosszabadi;Vamosszabadi;;--3-----;RL;212;;4746N 01739E
HU;VAO;Városföld;Varosfold;BK;--3-----;RL;1301;;4649N 01945E
HU;VAR;Várpalota;Varpalota;VE;-23-----;RL;401;;4712N 01808E
HU;VAS;Vasad;Vasad;PE;--3-----;RL;1401;;4719N 01924E
HU;VSY;Vásárosnamény;Vasarosnameny;SZ;-23--6--;RL;701;;4807N 02218E
HU;VKS;Vaskeresztes;Vaskeresztes;VA;--3-----;RL;901;;4712N 01627E
HU;VSZ;Vasszécseny;Vasszecseny;;-23-----;RL;601;;4711N 01646E
HU;VVR;Vasvár;Vasvar;VA;-23-----;RL;212;;4703N 01648E
HU;VEC;Vecsés;Vecses;PE;-23-----;RL;907;;4724N 01917E
HU;VEL;Velence;Velence;;-23-----;RL;601;;4715N 01839E
HU;VEP;Vép;Vep;VA;--3-----;RL;901;;4714N 01644E
HU;VGY;Veresegyház;Veresegyhaz;PE;-23--6--;RL;507;;4739N 01917E
HU;VER;Verocemaros;Verocemaros;PE;-23-----;RL;212;;4750N 01902E
HU;VRP;Verpelét;Verpelet;;-23-----;RL;607;;4751N 02014E
HU;VTL;Vértestolna;Vertestolna;KE;--3-----;RL;1601;;4738N 01827E
HU;VZP;Veszprém;Veszprem;VE;-23-----;RL;212;ZFP;4705N 01754E
HU;VIL;Villány;Villany;BA;-23-----;RL;507;;4552N 01827E
HU;VIG;Visegrád;Visegrad;PE;1-3-----;RL;212;;4748N 01858E
HU;VST;Visonta;Visonta;HE;--3-----;RL;901;;4747N 02002E
HU;VIS;Viszák;Viszak;VA;--3-----;RL;1301;;4652N 01629E
HU;ZAH;Záhony;Zahony;;-23-----;RL;212;;4825N 02211E
HU;ZAL;Zala;Zala;SO;--3-----;RL;207;;4644N 01759E
HU;ZBR;Zalaber;Zalaber;ZA;--3-----;RL;701;;4658N 01702E
HU;ZCY;Zalacsany;Zalacsany;ZA;-----6--;RQ;1001;;4648N 01750E
HU;ZER;Zalaegerszeg;Zalaegerszeg;ZA;-23-----;RL;212;;4650N 01650E
HU;ZHP;Zalahalap;Zalahalap;VM;-----6--;RQ;1001;;4691N 01746E
HU;ZAK;Zalakomár;Zalakomar;ZA;--3-----;RL;212;;4633N 01710E
HU;ZST;Zalaszentgrot;Zalaszentgrot;ZA;--3-----;RQ;907;;4657N 01705E
HU;VEM;Zánka;Zanka;VE;--3-----;RL;1601;;4653N 01741E
HU;ZCF;Zichyujfalu;Zichyujfalu;FE;--3-----;RL;1207;;4708N 01841E
HU;ZRC;Zirc;Zirc;VE;-23-----;RL;207;;4715N 01752E
HU;ZTK;Zlate Klasy;Zlate Klasy;;1----6--;RL;1107;;4807N 01725E
HU;ZSK;Zsámbék;Zsambek;PE;--3-----;RL;1301;;4733N 01843E
HU;ZSI;Zsira;Zsira;GS;1-------;RL;701;;4726N 01640E
HU;HBA;Zsombo;Zsombo;CS;-----6--;RL;901;;4620N 01959E
