RU;ABA;Abakan;Abakan;;--3-----;RL;401;;5342N 09125E
RU;ABD;Abdulino;Abdulino;ORE;-23-----;RL;1301;;5342N 05340E
RU;ACS;Achinsk;Achinsk;;---4----;AI;1;;
RU;AGI;Aginskoye;Aginskoye;;--3-----;QQ;212;;
RU;AHR;Akhtari;Akhtari;;0-------;RQ;9811;;
RU;ABS;Akhtubinsk;Akhtubinsk;;0-------;RL;3;;
RU;AKS;Aksay;Aksay;ROS;1-------;RQ;901;;4715N 03953E
RU;ADH;Aldan;Aldan;;---4----;AI;1;;
RU;ALV;Aleksandrov;Aleksandrov;;-23-----;RL;601;;5624N 03844E
RU;AAD;Aleksandrov (Alexandrov);Aleksandrov (Alexandrov);;--3-----;RQ;607;;5623N 03837E
RU;SAK;Aleksandrovsk-Sakhalinskiy;Aleksandrovsk-Sakhalinskiy;;1-3-----;RL;601;;5054N 14209E
RU;ALX;Alekseyevka;Alekseyevka;BEL;--3-----;RL;1301;;5038N 03842E
RU;ALE;Aleysk;Aleysk;AL;-23-----;RL;701;;5229N 08246E
RU;ATK;Almetyevsk;Almetyevsk;;--3-----;RQ;9806;;
RU;ABC;Ambarchik;Ambarchik;SA;1-------;RQ;901;;6937N 16218E
RU;AMB;Ambetsu;Ambetsu;;0-------;RQ;9811;;
RU;AMV;Amderma;Amderma;NEN;1--4----;AI;1001;;6946N 06140E
RU;AMU;Amursk;Amursk;KHA;1-------;RQ;901;;5013N 13654E
RU;DYR;Anadyr;Anadyr;;1--4----;AI;9601;;
RU;AAQ;Anapa;Anapa;;---4----;AI;9811;;
RU;AGK;Angarsk;Angarsk;IRK;123-----;RL;1001;;5232N 10353E
RU;APS;Apsheronsk;Apsheronsk;KDA;-23-----;RL;901;;4427N 03943E
RU;ADT;Ardatov;Ardatov;NIZ;--3-----;RL;901;;5514N 04306E
RU;ARH;Arkhangelsk;Arkhangelsk;;1--4----;AI;9601;;
RU;AHK;Arkhangel'skoye;Arkhangel'skoye;STA;--3-----;RL;701;;4436N 04406E
RU;ARM;Arman (Magadan);Arman (Magadan);;1-------;QQ;8012;;
RU;AVR;Armavir;Armavir;KDA;--3-----;RL;701;;4458N 04108E
RU;ARS;Arsenyev;Arsenyev;PRI;-----6--;RL;901;;4417N 13317E
RU;ART;Artjom;Artjom;;--3-----;RQ;1001;;4339N 13219E
RU;ASB;Asbest;Asbest;;-23-----;RL;601;;5701N 06128E
RU;ASF;Astrakhan;Astrakhan;;1--4----;AI;9601;;
RU;SAA;Atkarsk;Atkarsk;SAR;--3-----;RL;1601;;5152N 04500E
RU;AZO;Azov;Azov;;1-------;QQ;9207;;
RU;BGV;Bagaevskaya;Bagaevskaya;ROS;1-3-----;RL;1007;;4719N 04023E
RU;BGR;Bagrationovsk;Bagrationovsk;;-2------;QQ;9207;;
RU;BAK;Baksan;Baksan;;--3-----;RQ;607;;4342N 04331E
RU;BLK;Balakhna;Balakhna;NIZ;1-------;RQ;907;;5629N 04337E
RU;BLN;Balakhnya;Balakhnya;IRK;1-------;RQ;901;;5648N 10549E
RU;BKV;Balakirevo;Balakirevo;;--3-----;RL;601;;5630N 03850E
RU;BWO;Balakovo;Balakovo;;---4----;AI;9811;;
RU;BLA;Balashikha;Balashikha;MOW;-23-----;RL;501;;5548N 03757E
RU;BAL;Balobanovo;Balobanovo;MOW;-23-----;RL;501;;5551N 03814E
RU;ZCA;Balozhi;Balozhi;NGR;1-3-----;RL;1401;;5822N 03153E
RU;BLT;Baltiysk;Baltiysk;;1-------;QQ;9207;;
RU;BAX;Barnaul;Barnaul;;---4----;AI;1;;
RU;QSK;Baskan;Baskan;TA;-----6--;RL;1201;;5539N 05050E
RU;BAT;Bataysk;Bataysk;ROS;--3-----;RL;1301;;4710N 03944E
RU;BZK;Bazaikha;Bazaikha;KYA;--3-----;RL;1207;;5558N 09247E
RU;BKH;Bektyashka;Bektyashka;;1-------;QQ;8012;;
RU;BKT;Belaya Kalitva;Belaya Kalitva;ROS;1----6--;RL;1201;;4810N 04047E
RU;EGO;Belgorod;Belgorod;;---4----;AI;1;;
RU;BEM;Belomorsk;Belomorsk;;1-------;QQ;9207;;
RU;BEK;Belorechensk;Belorechensk;;-23-----;RL;401;;4446N 03952E
RU;BCX;Beloreck;Beloreck;;---4----;AI;1;;
RU;OVO;Belousovo;Belousovo;;--3-----;RL;901;;5505N 03639E
RU;BVO;Belovo;Belovo;KEM;-23-----;RL;1207;;5424N 08617E
RU;EYK;Beloyarsky;Beloyarsky;TYU;---4----;RL;907;;6341N 06641E
RU;BEL;Belushye;Belushye;;1-------;QQ;9207;;
RU;BRD;Berdsk;Berdsk;NGR;-----6--;RL;901;;5475N 83088E
RU;BRZ;Berezniki;Berezniki;PER;-23-----;RL;401;;5924N 05647E
RU;EZV;Berezovo;Berezovo;TYU;---4----;RL;907;;6555N 06510E
RU;BEE;Berezovskiy;Berezovskiy;ZAB;--3-----;RQ;1307;;5401N 12010E
RU;BER;Beringovskiy, Port;Beringovskiy, Port;;1-------;QQ;9207;;
RU;BSN;Beslan;Beslan;;-----6--;RL;1107;;4310N 04432E
RU;BSY;Bessergenevskaya;Bessergenevskaya;ROS;-23-----;RL;1401;;4724N 04019E
RU;BIY;Biysk;Biysk;;-2------;QQ;9207;;
RU;BQS;Blagoveschensk;Blagoveschensk;;--34----;AI;3;;
RU;BLG;Blagoveshchensk;Blagoveshchensk;AMU;--3-----;RQ;1001;;5016N 12731E
RU;BGK;Boksitogorsk;Boksitogorsk;;-23-----;RL;601;;5928N 03351E
RU;BOV;Bolshaya Vishera;Bolshaya Vishera;;--3-----;RQ;607;;5854N 03205E
RU;BKN;Bolshoy Kamen;Bolshoy Kamen;KHM;1-------;RQ;901;;6227N 06614E
RU;BRN;Bor;Bor;;-----6--;RL;901;;5635N 44079E
RU;BOR;Borisova;Borisova;IRK;1-------;RQ;901;;5701N 10614E
RU;T5V;Borisovka;Borisovka;NGR;--3-----;RL;1507;;5831N 03534E
RU;BRV;Borovichi;Borovichi;NGR;--3-----;RL;701;;5817N 03146E
RU;BVC;Borovichi;Borovichi;TVE;--3-----;RL;901;;5823N 03354E
RU;BOS;Boshnyakovo;Boshnyakovo;;12------;RL;212;;4939N 14210E
RU;BTK;Bratsk;Bratsk;;---4----;AI;9601;;
RU;BRO;Bronnitsy;Bronnitsy;MOW;--3-----;RL;501;;5525N 03815E
RU;BRY;Bryansk;Bryansk;;-23-----;RL;601;;5315N 03425E
RU;BDN;Budënnovsk;Budennovsk;STA;--3-----;RL;1301;;4447N 04409E
RU;UUA;Bugulma;Bugulma;;---4----;AI;1;;
RU;OLB;Bukhta Ol'ga;Bukhta Ol'ga;KAM;1-------;RL;1501;;5433N 16107E
RU;BBR;Buturlinovka;Buturlinovka;VOR;--3-----;RL;1501;;5049N 04036E
RU;BUZ;Buzuluk;Buzuluk;;--3-----;RQ;607;;5246N 05215E
RU;CHA;Chamgu;Chamgu;SAK;1-3-----;RL;212;;5056N 14336E
RU;CHZ;Chamzinka;Chamzinka;MO;--3-----;RL;901;;5424N 04547E
RU;CAI;Chaykovskiy;Chaykovskiy;PER;-23-----;RL;307;;5647N 05409E
RU;CHB;Chebarkul';Chebarkul';;123-----;RL;601;;5458N 06022E
RU;CSY;Cheboksary;Cheboksary;CU;-234----;AI;507;;5608N 04714E
RU;CKV;Chekhov;Chekhov;MOS;--3-----;RL;901;;5508N 03728E
RU;CEK;Chelyabinsk;Chelyabinsk;;---4----;AI;1;;
RU;CHM;Chemashi;Chemashi;KHM;1-------;RQ;901;;6302N 06511E
RU;CEE;Cherepovets;Cherepovets;;1--4----;AI;9601;;
RU;CKK;Cherkessk;Cherkessk;KC;-23-----;RL;701;;4417N 04203E
RU;CHG;Chernaya Gryaz';Chernaya Gryaz';MOS;--3-----;RL;1301;;5558N 03719E
RU;HGO;Chernogolovka;Chernogolovka;MOS;--3-----;RQ;901;;
RU;CHK;Chernyakhovsk;Chernyakhovsk;;-23-----;RL;601;;5438N 02149E
RU;CYO;Chërnyy Otrog;Chernyy Otrog;;-23-----;RL;601;;5153N 05600E
RU;CYX;Cherskiy;Cherskiy;;---4----;AI;1;;
RU;CIH;Chikacheva;Chikacheva;;1-------;QQ;8012;;
RU;HTA;Chita;Chita;;---4----;AI;1;;
RU;CTA;Chita;Chita;TA;--3-----;RL;701;;5543N 04954E
RU;CKL;Chkalovsky;Chkalovsky;;---4----;AI;1;;
RU;CKH;Chokurdah;Chokurdah;;---4----;AI;1;;
RU;CHD;Chudovo;Chudovo;NGR;-23-----;RL;401;;5907N 03140E
RU;CNN;Chulman;Chulman;;---4----;AI;1;;
RU;CSK;Chunskiy;Chunskiy;IRK;-----6--;RL;1201;;5605N 09939E
RU;CHU;Chuya;Chuya;IRK;1-------;RQ;901;;5916N 11226E
RU;CPC;Cpc Terminal;Cpc Terminal;;1-------;RQ;907;;4440N 03739E
RU;DAZ;Dalzavod;Dalzavod;PRI;--3-----;RL;1401;;4306N 13155E
RU;DVO;Davidovo;Davidovo;;--3-----;RQ;607;;5535N 03855E
RU;DKA;De-Kastri;De-Kastri;;1-------;QQ;9207;;
RU;DHA;Derbeshkinskiy;Derbeshkinskiy;;1-3-----;RL;601;;5552N 05330E
RU;DKS;Dikson;Dikson;;---4----;AI;1;;
RU;DMT;Dimitrovgrad;Dimitrovgrad;;--3-----;RL;201;;5413N 04935E
RU;DTV;Dmitrov;Dmitrov;;--3--6--;RQ;607;;5621N 03731E
RU;DOL;Dolgoprudniy;Dolgoprudniy;MOS;--3-----;RL;901;;5555S 37311E
RU;DME;Domodedovo Apt/Moscow;Domodedovo Apt/Moscow;;---4----;AI;201;;5525N 03752E
RU;DDK;Dondukovskaya;Dondukovskaya;AD;--3-----;RL;901;;4453N 04022E
RU;RZA;Donetsk;Donetsk;ROS;-----6--;RL;901;;4820N 03957E
RU;DRH;Dorohova;Dorohova;MOS;--3-----;RQ;1007;;3626N 05533E
RU;DKO;Dorokhovo;Dorokhovo;MOS;--3-----;RL;1407;;5533N 03622E
RU;DRU;Druzhniy;Druzhniy;NIZ;--3-----;RL;901;;5609N 04354E
RU;DUB;Dubna;Dubna;TVE;1-------;RQ;901;;5645N 03708E
RU;DBK;Dubovka;Dubovka;VLG;1-------;RQ;907;;4903N 04449E
RU;DBO;Dubrovo;Dubrovo;PSK;--3-----;RL;507;;5836N 02816E
RU;DUD;Dudinka;Dudinka;;1-------;QQ;9207;;
RU;DYA;Dyad'kovo;Dyad'kovo;MOS;-23-----;RL;401;;5628N 03727E
RU;DZE;Dzerzhinsk;Dzerzhinsk;NIZ;--3-----;QQ;1007;;5614N 04328E
RU;EGV;Egvekinot;Egvekinot;;1-------;QQ;9207;;
RU;EKA;Ekaterinburg;Ekaterinburg;SVE;-23456--;RL;901;;5650N 06036E
RU;YEK;Ekaterinburg (Yekaterinburg);Ekaterinburg (Yekaterinburg);SVE;-23-----;RL;401;SVX;5651N 06036E
RU;EKY;Ekaterinovka;Ekaterinovka;VOR;-----6--;RQ;1001;;5050N 03940E
RU;EKO;Ekonomiya;Ekonomiya;ARK;1-3-----;RL;212;;6442N 04038E
RU;ELG;Elektrogorsk;Elektrogorsk;;-23-----;RL;601;;5553N 03847E
RU;ESL;Elista;Elista;;---4----;AI;1;;
RU;ENE;Enem;Enem;KDA;--3-----;RQ;1007;;4455N 03854E
RU;EIE;Eniseysk;Eniseysk;;---4----;AI;1;;
RU;ESI;Esipovo;Esipovo;MOS;--3-----;RL;901;;5636N 03736E
RU;FPT;Fish Port Terminal;Fish Port Terminal;;1-------;RQ;1201;;4308N 13154E
RU;FKN;Fokino;Fokino;BRY;-----6--;RL;901;;5342N 34415E
RU;FRY;Fryazino;Fryazino;MOS;-23-----;RL;1301;;5557N 03802E
RU;FUR;Furmanov;Furmanov;IVA;-23-----;RL;501;;5715N 04106E
RU;GAL;Galenki;Galenki;;--3-----;RL;1007;;5423N 03527E
RU;GAT;Gatchina;Gatchina;;-23-----;RL;601;;5933N 03006E
RU;GVY;Gavrilov-Yam;Gavrilov-Yam;;123-----;RL;601;;5718N 03951E
RU;GDO;Gdov;Gdov;PSK;--3-----;RL;907;;5844N 02748E
RU;GDZ;Gelendzik;Gelendzik;;---4----;AI;1;;
RU;RZB;Georgievsk;Georgievsk;STA;-----6--;RL;901;;4409N 04328E
RU;GGJ;Georgiyevsk;Georgiyevsk;STA;--3-----;RQ;1201;;4409N 04329E
RU;GZV;Glazov;Glazov;;-23-----;RL;601;;5808N 05239E
RU;GKA;Golchikka;Golchikka;;0-------;RL;9811;;
RU;GRO;Gorelovo;Gorelovo;LEN;--3-----;RL;1307;;5917N 02835E
RU;GOR;Gorkino;Gorkino;IVA;-23-----;RL;501;;5708N 04135E
RU;;Gorkiy = Nizhny Novgorod;Gorkiy = Nizhny Novgorod;;;;;;
RU;GOA;Gorno Altaisk;Gorno Altaisk;;--3-----;RQ;607;;5157N 08557E
RU;GSA;Gorskaya;Gorskaya;LEN;123-----;RL;507;;6003N 02958E
RU;GRH;Gremikha;Gremikha;;1-------;QQ;9207;;
RU;GRK;Grodekovo;Grodekovo;;-2------;QQ;9207;;
RU;GRV;Groznyj;Groznyj;;---4----;AI;1;;
RU;GK7;Gubakha;Gubakha;PER;--3-----;RL;1507;;5852N 05735E
RU;GUB;Gubkin;Gubkin;;--3-----;RQ;607;;5116N 03723E
RU;GKY;Gus Khrustalny;Gus Khrustalny;VLA;-23-----;RL;701;;5536N 04039E
RU;GUS;Gusevka;Gusevka;KGD;--3-----;RL;1501;;5451N 02005E
RU;GVS;Gusevskiy;Gusevskiy;VLA;--3-----;RL;701;;5540N 04033E
RU;KGV;Gvardeysk;Gvardeysk;KGD;--3-----;RL;1301;;5439N 02104E
RU;GDN;Gverzdon';Gverzdon';PSK;--3-----;RL;701;;5807N 02822E
RU;HTG;Hatanga;Hatanga;;---4----;AI;1;;
RU;HOR;Horlovo;Horlovo;;--3-----;RL;501;;5517N 03849E
RU;IAA;Igarka;Igarka;;1--4----;AI;9601;;
RU;IRM;Igrim;Igrim;KHM;---4----;RL;907;;6312N 06425E
RU;IOY;Ikryanoye;Ikryanoye;AST;1-3-----;RL;401;;4605N 04744E
RU;IMM;Imeni Morozova;Imeni Morozova;LEN;--3-----;RL;1201;;5959N 03102E
RU;IDG;Indiga;Indiga;NEN;1-------;RQ;901;;6739N 04901E
RU;INA;Inta;Inta;;---4----;AI;1;;
RU;IOK;Iokanka;Iokanka;;1-------;QQ;9207;;
RU;IRB;Irbit;Irbit;;-23-----;RL;601;;5741N 06303E
RU;IKT;Irkutsk;Irkutsk;;---4----;AI;9601;;
RU;IKJ;Isayevskoje;Isayevskoje;IVA;--3-----;RL;307;;5700N 03941E
RU;ISM;Ishim;Ishim;;--3-----;RQ;607;;5606N 06927E
RU;ISK;Iskitim;Iskitim;NVS;--3-----;RQ;1001;;5438N 08317E
RU;IST;Istra;Istra;MOS;-23-----;RL;1107;;5555N 03652E
RU;IVA;Ivangorod;Ivangorod;;-23-----;AI;3;QGC;
RU;IWA;Ivanova;Ivanova;;---4----;AI;1;;
RU;IVO;Ivanovo;Ivanovo;;123-----;RL;601;;5701N 04100E
RU;IVN;Ivanteyevka;Ivanteyevka;MOS;--3-----;RL;1307;;5558N 03755E
RU;IZB;Izberbash;Izberbash;DA;--3-----;RL;1307;;4233N 04751E
RU;IJK;Izhevsk;Izhevsk;;---4----;AI;1;;
RU;JOK;Joshkar-Ola;Joshkar-Ola;ME;-234----;AI;907;;
RU;KAG;Kagal'Nitskaya;Kagal'Nitskaya;ROS;-23-----;RL;1107;;4652N 04009E
RU;KAL;Kalinets;Kalinets;ORL;--3-----;RL;1401;;5211N 03747E
RU;KGD;Kaliningrad;Kaliningrad;;1--4----;AI;9601;;
RU;KLF;Kaluga;Kaluga;;-234----;AI;507;;5432N 03617E
RU;KZY;Kaluzhskaya;Kaluzhskaya;KDA;--3-----;RL;1401;;4446N 03858E
RU;KLY;Kalyazin;Kalyazin;TVE;1-------;RQ;901;;5714N 03750E
RU;KSH;Kamensk-Shahtinskiy;Kamensk-Shahtinskiy;;--3-----;RL;901;;4819N 04016E
RU;KUY;Kamensk-Ural'skiy;Kamensk-Ural'skiy;SVE;-23--6--;RL;1001;;5625N 06156E
RU;KMO;Kameshkovo;Kameshkovo;VLA;-23-----;RL;1301;;5621N 04100E
RU;KMU;Kamskoye Ustye;Kamskoye Ustye;;1--4----;QQ;9207;;
RU;KAM;Kamyshin;Kamyshin;VGG;-23-----;RL;501;;5006N 04524E
RU;KK3;Kamyshta;Kamyshta;KYA;--3-----;RL;1601;;5503N 08940E
RU;KBR;Kanash;Kanash;CU;--3-----;RL;1301;;5530N 04729E
RU;KAN;Kandalaksha;Kandalaksha;;1-------;QQ;9207;;
RU;KAK;Karabulak;Karabulak;IN;-----6--;RL;1201;;4318N 04453E
RU;KAR;Karpinsk;Karpinsk;SVE;-23-----;RL;501;;5945N 06000E
RU;KHN;Kashin;Kashin;;-----6--;RQ;1001;;5721N 03736E
RU;KAS;Kashira;Kashira;;123-----;RL;601;;5450N 03810E
RU;KSI;Kasimov;Kasimov;;123--6--;RL;601;;5456N 04124E
RU;KAV;Kavalerovo;Kavalerovo;;--3-----;RQ;607;;4415N 13503E
RU;KZP;Kavkaz;Kavkaz;KDA;123--6--;RL;907;;4525N 03646E
RU;KZN;Kazan;Kazan;;---4----;AI;9601;;
RU;KAZ;Kazan;Kazan;TA;--3-----;RL;1601;;5545N 04908E
RU;KLB;Kazinka;Kazinka;RYA;-2---6--;RL;1407;;5354N 03924E
RU;KKA;Kaznacheevka;Kaznacheevka;BEL;--3-----;RL;1107;;5017N 03735E
RU;KEM;Kem;Kem;;1-------;QQ;9207;;
RU;KEJ;Kemerovo;Kemerovo;KEM;--34----;AI;1101;;5520N 08605E
RU;KER;Keret;Keret;;1-------;QQ;9207;;
RU;KHV;Khabarovsk;Khabarovsk;;1--4----;AI;9601;;
RU;KHM;Khanty-Mansiysk;Khanty-Mansiysk;;--3-----;RQ;607;;6059N 06900E
RU;KSA;Kharasavey;Kharasavey;NEN;1-------;RQ;901;;7106N 06646E
RU;KHA;Kharovsk;Kharovsk;VLG;--3-----;RL;701;;5957N 04011E
RU;KHS;Khasan;Khasan;;-2------;QQ;9207;;
RU;KTY;Khatyrka;Khatyrka;CHU;1-------;RQ;901;;6204N 17518E
RU;KKI;Khimki;Khimki;MOS;--3-----;RL;907;;5554N 03726E
RU;KHO;Kholmsk;Kholmsk;SAK;123-----;RL;507;;4703N 14203E
RU;HRA;Khropunovo;Khropunovo;IVA;-23-----;RQ;501;;5719N 04124E
RU;KNY;Khvalynsk;Khvalynsk;SAR;1-3-----;RL;401;;5229N 04806E
RU;HYR;Khyrov;Khyrov;;-2------;QQ;9207;;
RU;KDN;Kildin;Kildin;;1-------;QQ;9207;;
RU;KIM;Kimry;Kimry;TVE;1-------;RQ;901;;5653N 03722E
RU;KIN;Kineshma;Kineshma;;1-------;QQ;9207;;
RU;KGS;Kingisepp;Kingisepp;;-23-----;RL;601;;5922N 02837E
RU;KIK;Kirensk;Kirensk;IRK;1-------;RQ;901;;5746N 10806E
RU;KYK;Kireyevskoye;Kireyevskoye;TOM;1-------;RQ;901;;5602N 08405E
RU;KLV;Kirillovka;Kirillovka;;-----6--;RQ;1001;;4446N 03743E
RU;KIR;Kirishi;Kirishi;;-23-----;RL;212;;5927N 03201E
RU;KVX;Kirov;Kirov;;--34----;AI;9805;;
RU;KCP;Kirovo-Chepetsk;Kirovo-Chepetsk;KIR;-23--6--;RL;507;;5832N 05002E
RU;KVK;Kirovsk;Kirovsk;;---4----;AI;1;;
RU;KVS;Kirovsk;Kirovsk;MUR;--3-----;RL;1401;;6736N 03340E
RU;KIY;Kirovskiy;Kirovskiy;;1-3-----;RL;601;;4505N 13330E
RU;KPY;Kirovskiy;Kirovskiy;KAM;--3-----;RL;1601;;5413N 15549E
RU;KRZ;Kirzhach;Kirzhach;VLA;--3-----;RL;1201;;5609N 03852E
RU;KSL;Kislaya Guba;Kislaya Guba;;1-------;QQ;9207;;
RU;KS2;Klimovsk;Klimovsk;KO;--3-----;RL;1207;;6116N 05337E
RU;RZC;Klimovsk;Klimovsk;MOS;-23--6--;RL;901;;5521N 03732E
RU;KLI;Klin;Klin;;--3-----;RQ;607;;5620N 03642E
RU;KLN;Klin;Klin;MOS;--3-----;RL;701;;5519N 03620E
RU;KLR;Klinsky Rayon;Klinsky Rayon;MOS;1-3-----;RQ;901;;
RU;KZA;Klyaz'ma;Klyaz'ma;MOS;--3-----;RL;901;;5559N 03749E
RU;KDK;Kodinsk;Kodinsk;KYA;--3-----;RL;407;;5841N 09911E
RU;KGP;Kogalym;Kogalym;;---4----;AI;1;;
RU;KOH;Kokhma;Kokhma;IVA;-23-----;RQ;501;;5655N 04106E
RU;KCG;Kol'chugino;Kol'chugino;;-23-----;RL;601;;5618N 03921E
RU;KYI;Kolguyev Island;Kolguyev Island;NEN;1-------;RQ;901;;6905N 04909E
RU;KLM;Kolomna;Kolomna;KRS;-23-----;RL;307;;5504N 03846E
RU;KVO;Kolpashevo;Kolpashevo;TOM;1-------;RQ;901;;5818N 08256E
RU;KLT;Koltogorskiye;Koltogorskiye;TOM;1-------;RQ;901;;6040N 07728E
RU;KMR;Kommunar;Kommunar;LEN;--3-----;RL;701;;5936N 03023E
RU;KXK;Komsomolsk Na Amure;Komsomolsk Na Amure;;---4----;AI;1;;
RU;KOK;Konakovo;Konakovo;;123-----;RL;601;;5642N 03647E
RU;KON;Konakovo;Konakovo;TVE;--3-----;RL;701;;5713N 03359E
RU;KPA;Kondopoga;Kondopoga;;123-----;RL;601;;6212N 03417E
RU;KNL;Konets Lug;Konets Lug;IRK;1-------;RQ;901;;5709N 10655E
RU;KR9;Korenovsk;Korenovsk;KDA;--3-----;RL;1601;;4528N 03927E
RU;KRF;Korf;Korf;;1-------;RQ;9709;;
RU;KRK;Korkino;Korkino;CHE;--3-----;RQ;1001;;5453N 06123E
RU;KAD;Korolëv (ex Kaliningrad), Moskovskaya;Korolev (ex Kaliningrad), Moskovskaya;MOS;-23-----;RL;501;;5554N 03749E
RU;KOR;Korsakov;Korsakov;;1-------;QQ;9207;;
RU;KOY;Koryazhma;Koryazhma;ARK;--3-----;RQ;1007;;6118N 04707E
RU;KST;Kostarikha;Kostarikha;;--3-----;RL;201;;6648N 03341E
RU;KMA;Kostomuksha;Kostomuksha;;1-3-----;RL;601;;6441N 03049E
RU;KMW;Kostroma;Kostroma;;---4----;AI;1;;
RU;XC2;Kotel'niki;Kotel'niki;MOS;1----6--;RL;1407;;5538N 03751E
RU;KTN;Kotel'nikovo;Kotel'nikovo;VGG;--3-----;RL;1207;;4737N 04308E
RU;KOT;Kotel'nyy;Kotel'nyy;SA;1-------;RL;1501;;7600N 13756E
RU;KSZ;Kotlas;Kotlas;;---4----;AI;1;;
RU;KOV;Kovrov;Kovrov;;--3-----;RQ;607;;5621N 04119E
RU;KOZ;Kozelsk;Kozelsk;;--3-----;RL;901;;5402N 03547E
RU;KZH;Kozhevnikovo;Kozhevnikovo;TOM;1-------;RQ;901;;5616N 08359E
RU;KZM;Kozmino Port;Kozmino Port;;1-------;RQ;1001;;4243N 13301E
RU;KYG;Krasnaya Glinka;Krasnaya Glinka;SAM;--3-----;RL;1301;;5308N 05012E
RU;KRP;Krasnaya Polyana;Krasnaya Polyana;KIR;--3-----;RL;701;;5614N 05109E
RU;KMK;Krasnoarmeysk;Krasnoarmeysk;MOS;--3-----;RL;407;;5606N 03808E
RU;KRR;Krasnodar;Krasnodar;;1--4----;AI;9601;;
RU;KRS;Krasnogorsk;Krasnogorsk;;--3-----;RL;901;;5549N 03719E
RU;KJA;Krasnojarsk;Krasnojarsk;;1--4----;AI;9601;;
RU;KNK;Krasnokamsk;Krasnokamsk;PER;--3-----;RL;401;;5804N 05544E
RU;KRN;Krasnoobsk;Krasnoobsk;NVS;--3-----;RQ;1001;;5455N 08258E
RU;RYK;Krasnoturansk;Krasnoturansk;KYA;1-3-----;RL;901;;5419N 09133E
RU;KSO;Krasnotur'insk;Krasnotur'insk;SVE;123-----;RL;901;;5946N 06028E
RU;KNV;Krasnovodsk;Krasnovodsk;;1-------;RQ;9506;;
RU;KRA;Krasnoyarsk;Krasnoyarsk;;123-----;RL;601;;5601N 09304E
RU;KSN;Krasnoyarsk;Krasnoyarsk;SAK;--3-----;RL;1601;;4722N 14232E
RU;ROO;Krasnyy Sulin;Krasnyy Sulin;ROS;-----6--;RL;1107;;4753N 04043E
RU;KRY;Krasnyy Yar;Krasnyy Yar;NVS;1-------;RQ;901;;5513N 08252E
RU;KYB;Krasnyye Barrikady;Krasnyye Barrikady;AST;1-3-----;RL;401;;4612N 04751E
RU;KRE;Krekshino;Krekshino;MOS;--3-----;RQ;907;;5535N 03707E
RU;KRI;Krivosheino;Krivosheino;TOM;1-------;RQ;901;;5720N 08357E
RU;KDT;Kronshtadt;Kronshtadt;;1-------;QQ;9207;;
RU;OKR;Kronstadt;Kronstadt;SPE;-----6--;RL;1407;;6000N 02946E
RU;KPT;Kropotkin;Kropotkin;KDA;-----6--;RL;1201;;4526N 04034E
RU;KRU;Krugloye Pole;Krugloye Pole;TA;-23-----;RL;501;;5539N 05210E
RU;KRT;Krutogorovo;Krutogorovo;KAM;--3-----;RL;1601;;5501N 15552E
RU;KYM;Krymsk;Krymsk;KYA;-----6--;RL;1201;;4455N 03758E
RU;KS3;Kstovo;Kstovo;NIZ;--3-----;RL;1301;;5608N 04411E
RU;KUB;Kubekovo;Kubekovo;KYA;1-------;RQ;901;;5609N 09808E
RU;KBK;Kubinka;Kubinka;MOS;-2------;RL;1301;;5535N 03641E
RU;;Kuibyshev = Samara;Kuibyshev = Samara;;;;;;
RU;KLK;Kulakovo;Kulakovo;KYA;1-------;RQ;901;;5806N 09346E
RU;KUL;Kultuk;Kultuk;;-2------;QQ;8601;;
RU;KUR;Kureysk;Kureysk;IRK;1-------;RQ;901;;5857N 11120E
RU;KRO;Kurgan;Kurgan;KGN;-234----;AI;507;;5526N 06519E
RU;RZF;Kurganinsk;Kurganinsk;KDA;-----6--;RL;901;;4452N 04035E
RU;BVV;Kuril'skiy Burevestnik AFB (Burevestnik AFB);Kuril'skiy Burevestnik AFB (Burevestnik AFB);SAK;1--4----;AI;1207;;4456N 14738E
RU;KUK;Kurkachi;Kurkachi;TA;--3-----;RL;1507;;5600N 04933E
RU;URS;Kursk;Kursk;;--34----;AI;9901;;
RU;KU3;Kursk;Kursk;KRS;-----6--;RL;1107;;5143N 03611E
RU;KU2;Kursk;Kursk;KYA;-----6--;RL;1107;;5434N 09129E
RU;KUZ;Kuznetsk;Kuznetsk;;--3-----;RQ;607;;5307N 04634E
RU;KYS;Kyshtym;Kyshtym;CHE;--3-----;RQ;1001;;5542N 06033E
RU;KYZ;Kyzyl;Kyzyl;;---4----;AI;1;;
RU;LAB;Labinsk;Labinsk;KDA;-23-----;RL;1107;;4438N 04044E
RU;LAH;Lakhdenpokh'ja;Lakhdenpokh'ja;KR;--3-----;RL;701;;6130N 03012E
RU;LVR;Lavrentiya;Lavrentiya;CHU;1-3-----;RL;501;;6535N 17100W
RU;LAZ;Lazarev;Lazarev;;1-------;RQ;9506;;
RU;LDY;Lebedyan';Lebedyan';;123--6--;RL;601;;5300N 03909E
RU;;Leningrad = Saint Petersburg;Leningrad = Saint Petersburg;;;;;;
RU;LEK;Leningradskaya;Leningradskaya;;--3-----;RQ;607;;4618N 03922E
RU;LNN;Leninogorsk;Leninogorsk;TA;--3-----;RL;1507;;5436N 05230E
RU;L3N;Leninskiy;Leninskiy;STA;--3-----;RL;1507;;4411N 04309E
RU;LNK;Lensk;Lensk;SA;1-------;RQ;901;;6043N 11456E
RU;LEO;Leonova;Leonova;IRK;1-------;RQ;901;;5720N 10727E
RU;LDG;Leshukonskoye;Leshukonskoye;ARK;---4----;RL;907;;6454N 04546E
RU;LES;Lesogorsk;Lesogorsk;;12------;RL;212;;4926N 14207E
RU;LSS;Lesosibirsk;Lesosibirsk;KYA;--3-----;RQ;1001;;5817N 09222E
RU;LEU;Leushinskiye;Leushinskiye;KHM;1-------;RQ;901;;6211N 06711E
RU;LNR;Linakhamari;Linakhamari;;1-------;QQ;8012;;
RU;LPK;Lipetsk (Lipeck);Lipetsk (Lipeck);;--34----;AI;9901;;
RU;LSI;Liski;Liski;VOR;-23-----;RL;901;;5058N 03933E
RU;LNO;Litkarino;Litkarino;MOS;--3-----;RL;1507;;5534N 03754E
RU;LBA;Lobnya;Lobnya;KRS;-23-----;RL;501;;5600N 03728E
RU;LOM;Lomonosov;Lomonosov;;0-------;RL;9811;;
RU;LT5;Losino;Losino;TAM;--3-----;RL;1501;;5230N 04022E
RU;LGA;Luga;Luga;LEN;--3-----;RQ;1001;;5844N 02950E
RU;LUG;Lugovoye;Lugovoye;TOM;1-------;RQ;901;;5743N 08348E
RU;LKA;Luzhaika;Luzhaika;;-23-----;QQ;9207;;
RU;LBU;Lyubim;Lyubim;YAR;1-3-----;RL;701;;5821N 04041E
RU;LYU;Lyubuchany;Lyubuchany;;-23-----;RL;601;;5515N 03733E
RU;GDX;Magadan;Magadan;;---4----;AI;1;;
RU;MAG;Magadansky, Port;Magadansky, Port;;1-------;QQ;9207;;
RU;GDG;Magdagachi;Magdagachi;;---4----;AI;1;;
RU;MQF;Magnitogorsk;Magnitogorsk;;---4----;AI;1;;
RU;MGO;Mago;Mago;;1-------;RQ;9506;;
RU;MKR;Makarovo;Makarovo;IRK;1-------;RQ;901;;5729N 10748E
RU;MCX;Makhachkala;Makhachkala;;1234----;AI;401;;4258N 04730E
RU;KMM;Malaya Kheta;Malaya Kheta;;1-------;QQ;8012;;
RU;MAA;Mal'chevskaya;Mal'chevskaya;ROS;--3-----;RL;1601;;4903N 04021E
RU;MA2;Malino;Malino;MOS;1----6--;RL;1407;;5506N 03810E
RU;MYB;Malyye Bazy;Malyye Bazy;VOR;--3-----;RQ;607;;5015N 03918E
RU;MYK;Malyye Kolpani;Malyye Kolpani;;-----6--;RQ;1001;;5932N 03004E
RU;MDY;Mamadysh;Mamadysh;TA;1-------;RQ;901;;5542N 05123E
RU;MMO;Mamonova;Mamonova;;-2------;QQ;307;;
RU;RZD;Mamonovo;Mamonovo;KGD;-----6--;RL;901;;5427N 01956E
RU;MAN;Manily;Manily;KAM;--3-----;RL;1601;;6233N 16518E
RU;MNK;Mariinsk;Mariinsk;KEM;--3-----;RL;1507;;5612N 08744E
RU;MYP;Mariinskiy Posad;Mariinskiy Posad;CU;-----6--;RL;1507;;5606N 04743E
RU;MKP;Maykop;Maykop;AD;-23--6--;RL;901;;4436N 04005E
RU;MAY;Mayma;Mayma;AL;--3-----;RQ;1001;;5201N 08554E
RU;NKA;Medvenka;Medvenka;TUL;-----6--;RL;1007;;5415N 03742E
RU;MEG;Medvezhyegorsk;Medvezhyegorsk;;1-------;QQ;9207;;
RU;MEZ;Mezen;Mezen;;1-------;QQ;9207;;
RU;MZV;Mezhevoy;Mezhevoy;;--3-----;RQ;607;;5137N 05138E
RU;MAS;Miass;Miass;;123-----;RL;601;;5459N 06006E
RU;MIK;Mikhnëvo;Mikhnevo;;-23-----;RL;601;;5507N 03758E
RU;MLO;Millerovo;Millerovo;ROS;--3-----;RL;1507;;4855N 04023E
RU;MRV;Mineralnye Vody;Mineralnye Vody;;---4----;AI;9601;;
RU;MJZ;Mirnyj;Mirnyj;;---4----;AI;1;;
RU;MSK;Mishkino;Mishkino;;--3--6--;RQ;607;;5520N 06353E
RU;MOG;Mogochin;Mogochin;TOM;1-------;RQ;901;;5742N 08335E
RU;MON;Molchanovo;Molchanovo;TOM;1-------;RQ;901;;5736N 08348E
RU;MOL;Molot;Molot;NVS;-23-----;RQ;501;;5517N 08217E
RU;MCG;Monchegorsk;Monchegorsk;MUR;--3-----;RQ;901;;6756N 03252E
RU;MND;Mondy;Mondy;;--3-----;QQ;9207;;
RU;MOR;Morozovsk;Morozovsk;ROS;--3-----;RL;1601;;4821N 04149E
RU;;Moscow = Moskva;Moscow = Moskva;;;;;;
RU;MVO;Moskalvo;Moskalvo;;1-------;QQ;9207;;
RU;MOS;Moskovskaya;Moskovskaya;KIR;--3-----;RQ;1001;;5848N 05307E
RU;MOW;Moskva;Moskva;MOW;123456--;AI;1207;;5545N 03736E
RU;MRT;Mosrentgen;Mosrentgen;MOS;-----6--;RL;1007;;5537N 03728E
RU;M8R;Mozhga;Mozhga;UD;--3-----;RL;1501;;5627N 05213E
RU;MTS;Mtsensk;Mtsensk;ORL;-23-----;RL;1207;;5316N 03633E
RU;MMK;Murmansk;Murmansk;;1--4----;AI;9601;;
RU;MRM;Murom;Murom;VLA;-----6--;RL;1107;;5533N 04202E
RU;MSH;Mys Shmidta;Mys Shmidta;CHU;1-3-----;RL;501;;6853N 17926W
RU;MYS;Myskhako;Myskhako;KDA;-----6--;RL;1107;;4441N 03745E
RU;MOT;Mytishchi;Mytishchi;MOS;--3-----;RL;1301;;5554N 03744E
RU;NCY;Naberezhnye Chelny;Naberezhnye Chelny;TA;--3-----;RL;1301;;5541N 05219E
RU;NAC;Naberezhnyye Chelny;Naberezhnyye Chelny;;123-----;RL;401;;5545N 05225E
RU;NYM;Nadym;Nadym;;---4----;AI;1;;
RU;NJK;Nakhodka;Nakhodka;;1-------;QQ;9207;;
RU;NAL;Nalchik;Nalchik;;-23-----;RL;401;;4329N 04337E
RU;NFM;Naro-Fominsk;Naro-Fominsk;MOS;--3-----;RQ;1001;;5523N 03644E
RU;ALA;Nartkala;Nartkala;KB;--3-----;RL;1507;;4333N 04351E
RU;NNM;Naryan Mar;Naryan Mar;;1--4----;AI;9601;;
RU;NAR;Narym;Narym;TOM;1-------;RQ;901;;5855N 08135E
RU;NKI;Naushki;Naushki;;-2------;QQ;9207;;
RU;NAV;Navlya;Navlya;BRY;--3-----;RL;1307;;5249N 03429E
RU;NVL;Navoloki;Navoloki;IVA;--3-----;RL;1401;;5727N 04157E
RU;NAZ;Nazran;Nazran;IN;--3-----;RL;1601;;4313N 04445E
RU;NBC;Nebolchi;Nebolchi;NGR;--3-----;RL;1207;;5907N 03320E
RU;NEF;Neftekamsk;Neftekamsk;;---4----;AI;1;;
RU;NFK;Neftekumsk;Neftekumsk;STA;1----6--;RL;901;;4440N 44055W
RU;NLK;Neftelensk;Neftelensk;IRK;1-------;RQ;901;;5720N 10704E
RU;NFG;Nefteyugansk;Nefteyugansk;;---4----;AI;1;;
RU;NEM;Neman;Neman;KGD;-23-----;RL;901;;5502N 02201E
RU;NER;Neryungri;Neryungri;;---4----;AI;1;;
RU;NEV;Nevelsk;Nevelsk;;1-------;RQ;9506;;
RU;NEK;Nevinnomyssk;Nevinnomyssk;;-23-----;RL;307;;4437N 04156E
RU;NIA;Nikolayevsk-na-Amure;Nikolayevsk-na-Amure;;1-------;QQ;9207;;
RU;NZK;Nizhnekamsk;Nizhnekamsk;;-23-----;RL;601;;5538N 05148E
RU;NJC;Nizhnevartovsk;Nizhnevartovsk;KHM;1--4----;AI;1001;;6056N 07634E
RU;NZL;Nizhniy Lomov;Nizhniy Lomov;;--3-----;RL;601;;5332N 04340E
RU;GOJ;Nizhniy Novgorod (ex Gorkiy);Nizhniy Novgorod (ex Gorkiy);;1--4----;AI;9601;;
RU;NIT;Nizhniy Tagil;Nizhniy Tagil;;-23-----;RQ;701;;5756N 06001E
RU;NPE;Nizhnyaya Pesha;Nizhnyaya Pesha;NEN;1-------;RQ;901;;6645N 04746E
RU;NGI;Noginsk;Noginsk;;--3-----;RQ;607;;5551N 03846E
RU;NOG;Nogliki;Nogliki;SAK;123-----;RL;212;;5149N 14306E
RU;NOJ;Nojabrxsk;Nojabrxsk;TYU;--34----;AI;401;;6310N 07537E
RU;NSK;Noril'sk;Noril'sk;;---4----;AI;1;;
RU;AXZ;Novaya Igirma;Novaya Igirma;IRK;--3-----;RL;1501;;5708N 10354E
RU;NYY;Novaya Yelovka;Novaya Yelovka;KYA;-23-----;RL;1107;;5630N 09038E
RU;NVR;Novgorod;Novgorod;;---4----;AI;1;;
RU;NVO;Novoanninskiy;Novoanninskiy;VGG;--3-----;RL;1307;;5032N 04241E
RU;NVK;Novocherkassk;Novocherkassk;ROS;--3-----;RL;307;;5146N 05826E
RU;NDK;Novodvinsk;Novodvinsk;;123-----;RL;601;;6425N 04050E
RU;NOZ;Novokuznetsk;Novokuznetsk;;---4----;AI;1;;5345N 08707E
RU;NMK;Novomoskovsk;Novomoskovsk;;123-----;RL;601;;5405N 03811E
RU;NOI;Novorossiysk;Novorossiysk;KDA;---4----;RL;1501;;4445N 03745E
RU;NVS;Novorossiysk;Novorossiysk;KDA;123--6--;RL;907;;4443N 03746E
RU;RZE;Novoshakhtinsk;Novoshakhtinsk;ROS;-----6--;RL;901;;4745N 03956E
RU;OVB;Novosibirsk;Novosibirsk;NVS;--34----;AI;1101;;5502N 08256E
RU;NOK;Novotroitsk;Novotroitsk;ORE;-----6--;RQ;1007;;5112N 05819E
RU;NOU;Novouralsk;Novouralsk;ORE;--3-----;RQ;1001;;5114N 05713E
RU;NZV;Novozybkov;Novozybkov;BRY;-23-----;RL;407;;5232N 03156E
RU;NYB;Novy Byt;Novy Byt;MOS;--3-----;RL;1307;;5555N 03752E
RU;NUX;Novy Urengoy;Novy Urengoy;;---4----;AI;1;;
RU;NVY;Novyy;Novyy;;--3-----;RL;601;;4455N 04014E
RU;NYA;Nyagan;Nyagan;TYU;---4----;RL;907;;6209N 06524E
RU;OBK;Obninsk;Obninsk;;-23-----;RL;601;;5505N 03637E
RU;OSO;Odintsovo;Odintsovo;;--3-----;RQ;607;;5540N 03716E
RU;OKA;Okha, Sakhalin;Okha, Sakhalin;;12------;RL;207;;5334N 14300E
RU;OHO;Okhotsk;Okhotsk;;1-------;QQ;9207;;
RU;OKZ;Okruzhnoe;Okruzhnoe;SAK;1-------;RQ;901;;5019N 14348E
RU;OBY;Oktiabr'skiy;Oktiabr'skiy;MOS;--3-----;RL;901;;5535N 03807E
RU;OKT;Oktyabr'skiy;Oktyabr'skiy;;1-34----;AI;401;;
RU;OYE;Oktyabrskoye;Oktyabrskoye;KHM;1-------;RQ;901;;6227N 06603E
RU;OMK;Olekminsk;Olekminsk;SA;1-------;RQ;901;;6022N 12025E
RU;OLO;Oleniy Ostrov;Oleniy Ostrov;;1-3-----;RL;401;;6202N 03520E
RU;OLG;Olenya, Guba;Olenya, Guba;;1-------;QQ;9207;;
RU;OLK;Ol'khovatka;Ol'khovatka;VOR;--3-----;RL;1601;;5017N 03916E
RU;OYA;Olya;Olya;AST;1-3-----;RL;401;;4547N 04732E
RU;OMS;Omsk;Omsk;;---4----;AI;9601;;
RU;ONG;Onega;Onega;;1-------;QQ;9207;;
RU;OZE;Oranzherei;Oranzherei;AST;1-3-----;RL;401;;4550N 04734E
RU;HZO;Orekhovo-Zuevo;Orekhovo-Zuevo;MOS;1----6--;RL;901;;5549N 03858E
RU;ORE;Orël;Orel;ORL;-23-----;RL;407;;5257N 03604E
RU;REN;Orenburg;Orenburg;;-234----;AI;3;;
RU;OSK;Orenburgskiy;Orenburgskiy;ORE;-----6--;RL;901;;5154N 05455E
RU;ORL;Or'ol;Or'ol;;-23-----;RL;9901;;
RU;OSW;Orsk;Orsk;;---4----;AI;1;;
RU;OSS;Ossora;Ossora;KAM;--3-----;RL;1601;;5914N 16304E
RU;OSF;Ostafyevo International Airport;Ostafyevo International Airport;MOS;---4----;RL;1507;;5530N 03730E
RU;ONE;Otradnoye;Otradnoye;BRY;--3-----;RL;507;;5324N 05418E
RU;ODY;Otradnoye;Otradnoye;LEN;--3-----;RL;1401;;5947N 03049E
RU;OTR;Otradnyy;Otradnyy;;--3-----;RQ;607;;5320N 05122E
RU;OZS;Ozeretskiy;Ozeretskiy;MOS;--3-----;RL;1307;;5549N 03912E
RU;OZK;Ozerko;Ozerko;MUR;123-----;RL;401;;6943N 03207E
RU;OZR;Ozernovskiy;Ozernovskiy;KAM;--3-----;RL;1601;;5130N 15631E
RU;OZY;Ozëry;Ozery;;123-----;RL;601;;5451N 03833E
RU;PAH;Pakhachi;Pakhachi;KAM;--3-----;RL;1601;;6034N 16903E
RU;PAL;Palana;Palana;KAM;--3-----;RL;1601;;5907N 15958E
RU;PFO;Parfino;Parfino;NGR;--3-----;RL;701;;5758N 03138E
RU;PGO;Pargolovo;Pargolovo;;-23-----;RL;601;;6004N 03016E
RU;PVL;Pavlosk;Pavlosk;;-23-----;RL;1107;;5940N 04058E
RU;PLO;Pavlovo;Pavlovo;NGR;-23-----;RL;507;;5557N 04305E
RU;PVY;Pavlovskiy Posad;Pavlovskiy Posad;MOS;-----6--;RL;1007;;5547N 03839E
RU;PCE;Pechenga;Pechenga;;1-------;QQ;9207;;
RU;PEX;Pechora;Pechora;;1--4----;AI;9601;;
RU;POY;Pechory;Pechory;PSK;--3-----;RL;1507;;5749N 02736E
RU;PEZ;Penza;Penza;;---4----;AI;1;;
RU;PGE;Peregrebnoye;Peregrebnoye;KHM;1-------;RQ;901;;6259N 06504E
RU;PER;Pereslavl'-Zalesskiy;Pereslavl'-Zalesskiy;YAR;-23-----;RL;501;;5644N 03851E
RU;PZY;Pereslavl-Zalesskiy;Pereslavl-Zalesskiy;;-----6--;RQ;1001;;5344N 03851E
RU;PVE;Peresvet;Peresvet;MOS;--3-----;RQ;901;;
RU;PEE;Perm;Perm;;-234----;RL;207;;5759N 05613E
RU;PVK;Pervoural'sk;Pervoural'sk;;--3-----;RL;201;;5654N 05956E
RU;PET;Pestovo;Pestovo;NGR;-23-----;RL;901;;5835N 03547E
RU;PEK;Petrokrepost;Petrokrepost;;1-------;QQ;9207;;
RU;SPP;Petrolsport;Petrolsport;;--3-----;RQ;1307;;5952N 03011E
RU;PKC;Petropavlovsk-Kamchatskiy;Petropavlovsk-Kamchatskiy;;1--4----;AI;9601;;
RU;PES;Petrozavodsk;Petrozavodsk;;1--4----;AI;9601;;
RU;PHK;Petushki;Petushki;;--3-----;RL;201;;5554N 03928E
RU;PWE;Pevek;Pevek;;1--4----;AI;9601;;
RU;PNY;Pionerskiy;Pionerskiy;KGD;123-----;RL;507;;5457N 02013E
RU;PKR;Pitkyaranta;Pitkyaranta;KR;-23-----;RL;501;;6134N 03129E
RU;PTN;Plastun;Plastun;;1-------;QQ;9207;;
RU;PDA;Pobeda;Pobeda;KDA;--3-----;RL;1507;;4433N 04009E
RU;PKI;Pochinki;Pochinki;;--3-----;RQ;607;;5443N 04454E
RU;PDK;Podolsk;Podolsk;MOS;--3-----;RL;207;;5526N 03733E
RU;PPZ;Podporozh'ye;Podporozh'ye;;--3-----;RL;701;;6054N 03411E
RU;PKO;Pokrov;Pokrov;VLA;--3-----;RL;701;;5554N 03910E
RU;POK;Pokrovsk;Pokrovsk;SA;1-------;RQ;901;;6129N 12909E
RU;PNV;Polnovat;Polnovat;KHM;1-------;RQ;901;;6347N 06554E
RU;PYJ;Polyarnyj;Polyarnyj;;---4----;AI;1;;
RU;PRN;Poronaisk;Poronaisk;;1-------;QQ;9207;;
RU;POS;Posin'ye;Posin'ye;PSK;--3-----;RQ;501;;5702N 02821E
RU;PSE;Posyet;Posyet;;1-------;QQ;9207;;
RU;PTP;Potapova;Potapova;IRK;1-------;RQ;901;;5723N 10731E
RU;PYO;Poyarkovo;Poyarkovo;AMU;1-3-----;RL;401;;4936N 12841E
RU;PRK;Pravdinsk;Pravdinsk;KGD;--3-----;RL;1207;;5426N 02101E
RU;PDY;Pravdinskiy;Pravdinskiy;;-23-----;RL;601;;5603N 03752E
RU;PRY;Preobrazheniye;Preobrazheniye;;1-3-----;RL;401;;4254N 13354E
RU;PGN;Prigorodnoye;Prigorodnoye;SAK;1-3-----;RL;401;;4637N 14254E
RU;PDZ;Priladozhsky;Priladozhsky;LEN;--3-----;RL;1207;;5952N 03120E
RU;PRI;Primorsk (Koivisto);Primorsk (Koivisto);;1-------;RQ;9506;;
RU;PRA;Primorsko-Akhtarsk;Primorsko-Akhtarsk;KDA;-----6--;RL;1407;;4602N 03810E
RU;PYK;Primorsky Krai;Primorsky Krai;;-----6--;RQ;1001;;4519N 13522W
RU;PZK;Priozërsk;Priozersk;LEN;--3-----;RL;501;;6102N 03007E
RU;PSK;Privolzhsk;Privolzhsk;;-23-----;RL;601;;5722N 04117E
RU;PRV;Privolzhskiy;Privolzhskiy;SAR;--3-----;RQ;1001;;5124N 04602E
RU;PIY;Prohladniy;Prohladniy;KB;--3-----;RL;1507;;4345N 04402E
RU;PHS;Prokhorovskiy;Prokhorovskiy;TOM;1-------;RQ;901;;5930N 07925E
RU;PRL;Proletarskiy;Proletarskiy;RYA;--3-----;RL;1007;;5334N 03919E
RU;PRO;Protvino;Protvino;MOS;--3-----;RL;701;;5451N 03713E
RU;PVX;Provedenia;Provedenia;;---4----;AI;307;;
RU;PVS;Provideniya, Bukhta;Provideniya, Bukhta;;1-34----;AI;401;;6423N 17318W
RU;PKV;Pskov;Pskov;;--34----;AI;9901;;
RU;PUD;Pudozh;Pudozh;;1-------;QQ;9207;;
RU;PUK;Pushkin;Pushkin;;-23-----;RL;601;;5943N 03025E
RU;PSH;Pushkino;Pushkino;;-23--6--;RL;601;;5600N 03750E
RU;PYA;Pyatigorsk;Pyatigorsk;;-23-----;RL;307;;4402N 04303E
RU;PTV;Pytalovo;Pytalovo;PSK;--3-----;RL;1301;;5704N 02754E
RU;RAT;Raduzhnyi;Raduzhnyi;;---4----;AI;1;;
RU;RAM;Ramenskoye;Ramenskoye;MOW;-23-----;RL;501;;5528N 03821E
RU;RTV;Reutov;Reutov;;-23-----;RL;601;;5545N 03551E
RU;RSS;Rossosh';Rossosh';ROS;-----6--;RL;1201;;4845N 04031E
RU;ROV;Rostov;Rostov;;1--4----;AI;9601;;
RU;RND;Rostov-na-Donu;Rostov-na-Donu;ROS;--3-----;RL;212;;4714N 03943E
RU;RUB;Rubnoye;Rubnoye;KYA;1-------;RQ;901;;5807N 09431E
RU;RDP;Rudnaya Pristan;Rudnaya Pristan;;1-------;QQ;9207;;
RU;RNA;Rudnya;Rudnya;;--3-----;RQ;607;;5459N 03059E
RU;RUZ;Ruza;Ruza;MOS;-23-----;RL;701;;5541N 03612E
RU;RZN;Ryazan;Ryazan;;---4----;AI;1;;
RU;RYB;Rybinsk;Rybinsk;;1--4----;AI;9601;;
RU;RYS;Ryshkovo;Ryshkovo;TVE;--3-----;RQ;501;;5540N 03203E
RU;RZV;Rzhev;Rzhev;;123-----;RL;601;;5615N 03420E
RU;SAB;Sabetta;Sabetta;YAN;1--4----;RL;1501;SBT;7115N 07205E
RU;KKY;Sadovvy;Sadovvy;KYA;--3-----;RL;1207;;4533N 04013E
RU;SNV;Safonovo;Safonovo;SMO;--3-----;RL;1401;;5509N 03313E
RU;LED;Saint Petersburg (ex Leningrad);Saint Petersburg (ex Leningrad);SPE;12345---;AI;401;;5953N 03015E
RU;SAJ;Sajanogorsk;Sajanogorsk;KK;--3-----;RL;1601;;5303N 09127E
RU;SOO;Sakmarskiy;Sakmarskiy;ORE;--3-----;RL;1501;;5144N 05634E
RU;SAL;Salavat;Salavat;;-23-----;RL;601;;5324N 05553E
RU;SLY;Salehard;Salehard;;---4----;AI;1;;
RU;SLH;Salekhard;Salekhard;YAN;1-------;RL;1201;;6631N 06636E
RU;SSL;Sal'sk;Sal'sk;ROS;--3-----;RL;1601;;4628N 04132E
RU;KUF;Samara;Samara;;1234-6--;AI;601;;5313N 05010E
RU;SMK;Samarskoye;Samarskoye;VGG;--3-----;RL;1107;;4656N 03940E
RU;SPY;Saperniy;Saperniy;LEN;--3-----;RL;701;;5945N 03040E
RU;SKX;Saransk;Saransk;;---4----;AI;1;;
RU;SRP;Sarapul;Sarapul;;--3-----;RQ;607;;5628N 05348E
RU;RTW;Saratov;Saratov;;1--4----;AI;9601;;
RU;SRT;Sarepta;Sarepta;VGG;-23-----;RL;1107;;4853N 04423E
RU;SAR;Sarova;Sarova;;--3-----;RL;207;;5455N 04319E
RU;TKA;Satka;Satka;CHE;-----6--;RL;1007;;5503N 05902E
RU;SAY;Sayanogorsk;Sayanogorsk;KYA;-----6--;RL;901;;5309N 91432E
RU;SYY;Sayanskaya;Sayanskaya;KYA;--3-----;RL;1107;;5532N 09441E
RU;BEZ;Sebez;Sebez;PSK;--3-----;RL;1507;;5617N 02829E
RU;SEG;Segezha;Segezha;;1-------;QQ;9207;;
RU;RZH;Selyatino;Selyatino;MOS;-----6--;RL;901;;5530N 03658E
RU;SKK;Semikarakorsk;Semikarakorsk;ROS;--3-----;RL;1007;;4731N 04049E
RU;SNN;Sennoy;Sennoy;SAR;--3--6--;RQ;907;;5210N 04657E
RU;LIP;Sentsovo;Sentsovo;LIP;--3-----;RL;1601;;5238N 03921E
RU;SER;Serafimovich;Serafimovich;;--3-----;RL;901;;4935N 04244E
RU;SIV;Sergiev;Sergiev;MOS;--3-----;RQ;901;;5618N 03808E
RU;SGV;Sergiyev Posad;Sergiyev Posad;;-23-----;RL;907;;5619N 03807E
RU;SRV;Serov;Serov;;-23-----;RL;601;;5936N 06035E
RU;SHV;Serpukhov;Serpukhov;MOS;--3--6--;RL;1101;;5455N 03724E
RU;SLO;Sertolovo;Sertolovo;LEN;-23-----;RL;407;;6008N 03012E
RU;SZZ;Sestroretsk;Sestroretsk;LEN;1-3-----;RL;901;;6006N 02957E
RU;SVB;Severobaykal'sk;Severobaykal'sk;BU;--3-----;RL;701;;5539N 10918E
RU;SEW;Severodvinsk;Severodvinsk;;1-------;QQ;9207;;
RU;SVK;Severo-Kurilsk;Severo-Kurilsk;;1-------;QQ;9207;;
RU;SRM;Severomorsk;Severomorsk;;1-------;QQ;9207;;
RU;RZG;Severskaya;Severskaya;KDA;-----6--;RL;901;;4451N 03840E
RU;SDS;Shadrinsk;Shadrinsk;KGN;--3-----;RL;1301;;5604N 06338E
RU;SHA;Shakhtersk;Shakhtersk;;1-------;RQ;9506;;
RU;SHK;Shakhun'Ya;Shakhun'Ya;NIZ;--3-----;RL;1401;;5740N 04637E
RU;SLA;Shala;Shala;;-23-----;RL;212;;5933N 03136E
RU;STA;Shatura;Shatura;;-23-----;RL;601;;5534N 03932E
RU;SHC;Shchelkovo;Shchelkovo;MOW;-----6--;RL;901;;5589N 38025E
RU;SNA;Shcherbinka;Shcherbinka;MOS;--3-----;RL;1507;;5529N 03733E
RU;B2L;Shebekino;Shebekino;BEL;1----6--;RL;1407;;5024N 03654E
RU;MSL;Shelanger;Shelanger;ME;-----6--;RL;901;;5613N 04814E
RU;SHE;Shelekhov;Shelekhov;IRK;--3-----;RQ;1001;;5212N 10405E
RU;7RS;Shemakha;Shemakha;CHE;--3-----;RL;1501;;5614N 05915E
RU;SVO;Sheremetyevo Apt/Moscow;Sheremetyevo Apt/Moscow;;---4----;AI;9601;;
RU;SKH;Shumikha;Shumikha;;-23--6--;RL;601;;5513N 06317E
RU;SHY;Shushary;Shushary;LEN;--3-----;RL;701;;5945N 03028E
RU;SSR;Shushary;Shushary;SPE;-----6--;RQ;1007;;5946N 03028E
RU;SHU;Shushenskoye;Shushenskoye;;--3-----;RQ;607;;5316N 09150E
RU;SBT;Shuya;Shuya;IVA;--3-----;RL;1301;;5651N 04121E
RU;SIZ;Siziman;Siziman;;1-------;RL;212;;5043N 14025E
RU;SKD;Skhodnya;Skhodnya;MOS;-23-5---;RL;901;;5557N 03718E
RU;SKO;Skopin;Skopin;;--3-----;RQ;607;;5349N 03932E
RU;SNY;Slantsy;Slantsy;LEN;--3-----;RL;701;;5906N 02805E
RU;SKA;Slavyanka;Slavyanka;;1-------;QQ;9207;;
RU;KBI;Slavyansk-Na-Kubani;Slavyansk-Na-Kubani;KDA;--3-----;RL;1507;;4515N 03807E
RU;LNX;Smolensk;Smolensk;;---4----;AI;1;;
RU;SIN;Sobinka;Sobinka;VLA;--3-----;RL;901;;5598N 04001E
RU;AER;Sochi;Sochi;KDA;1234----;AI;1301;;4336N 03943E
RU;SOC;Sochino;Sochino;KGN;--3-----;RL;1301;;5502N 06803E
RU;SOL;Sokol;Sokol;VLG;--3-----;RL;701;;5927N 04010E
RU;SOK;Solikamsk;Solikamsk;;-23-----;RL;601;;5938N 05646E
RU;SNG;Solnechnogorsk;Solnechnogorsk;;123-----;RL;601;;5611N 03658E
RU;CSH;Solovetsky;Solovetsky;ARK;---4----;RL;907;;6502N 03544E
RU;SLK;Solovki;Solovki;ARK;1-------;RL;1501;;6525N 03541E
RU;SLV;Solovyevsk;Solovyevsk;;-2------;QQ;9207;;
RU;SSY;Sosenskiy;Sosenskiy;;-23-----;RL;601;;5403N 03557E
RU;SGK;Sosnogorsk;Sosnogorsk;KO;-23-----;RL;1001;;6336N 05353E
RU;SOB;Sosnovyy Bor;Sosnovyy Bor;;--3-----;RQ;607;;5953N 02905E
RU;SSK;Sovetsk;Sovetsk;;123-----;RL;601;;5504N 02153E
RU;SOG;Sovetskaya Gavan;Sovetskaya Gavan;;1-------;QQ;9207;;
RU;SOV;Sovetskiy;Sovetskiy;KHM;-23-----;RL;901;;6121N 06335E
RU;SPA;Spafaryeva, O;Spafaryeva, O;;1-------;QQ;9207;;
RU;SRY;Spassk-Ryazanskiy;Spassk-Ryazanskiy;RYA;--3-----;RL;1507;;5424N 04022E
RU;SKV;Staraya Kupavna;Staraya Kupavna;MOS;--3-----;RL;901;;5548N 03810E
RU;SYR;Staraya Russa;Staraya Russa;;-23--6--;RL;601;;5800N 03122E
RU;STO;Staryy Oskol;Staryy Oskol;BEL;-23-----;RL;507;;5117N 03750E
RU;STW;Stavropol;Stavropol;;---4----;AI;9601;;
RU;STV;Stavrovo;Stavrovo;KLU;--3-----;RL;1301;;5329N 03519E
RU;BA5;Sterlitamak;Sterlitamak;BA;--3-----;RL;1501;;5337N 05556E
RU;STR;Streika;Streika;KYA;1-------;RQ;901;;5805N 09302E
RU;SWT;Strzhewoi;Strzhewoi;;---4----;AI;1;;
RU;SPO;Stupino;Stupino;;-23-----;RL;601;;5453N 03807E
RU;SUP;Suponevo;Suponevo;;--3-----;RQ;607;;5308N 03421E
RU;SGC;Surgut;Surgut;;---4----;AI;1;;
RU;SVE;Svetlaya;Svetlaya;;1-------;QQ;9207;;
RU;STY;Svetlyy;Svetlyy;KGD;1-------;RL;1207;;5442N 02030E
RU;SVG;Svetogorsk;Svetogorsk;;-2------;QQ;9207;;
RU;SCW;Syktyvkar;Syktyvkar;;---4----;AI;1;;
RU;SYZ;Syzran;Syzran;;1-------;QQ;9207;;
RU;TAG;Taganrog;Taganrog;;1-------;QQ;9207;;
RU;TAL;Talakan;Talakan;CHE;-----6--;RL;901;;5286N 11795E
RU;TAM;Taman';Taman';KDA;1-------;AA;1101;;4513N 03643E
RU;TBW;Tambov;Tambov;;---4----;AI;1;;
RU;TAA;Tatarstan;Tatarstan;TA;--3-----;RQ;1001;;5607N 05321E
RU;TAT;Tatishchevo;Tatishchevo;SAR;-23-----;RL;501;;5140N 04536E
RU;TAU;Tauisk;Tauisk;;1-------;QQ;9207;;
RU;TAV;Tavda;Tavda;SVE;--3-----;RL;1007;;5803N 06516E
RU;TAY;Tayura;Tayura;IRK;1-------;RQ;901;;5700N 10639E
RU;TAZ;Tazovskiy;Tazovskiy;NEN;1-------;RQ;901;;6728N 07844E
RU;TEM;Temirtau;Temirtau;KEM;-23-----;RL;901;;5308N 08726E
RU;TMR;Temryuk;Temryuk;;-23-----;RL;607;;4516N 03722E
RU;TIG;Tigil';Tigil';KAM;--3-----;RL;1601;;5748N 15840E
RU;RZJ;Tihvin;Tihvin;;-----6--;RL;901;;5938N 03331E
RU;TIK;Tikhvin;Tikhvin;;--3-----;RL;701;;5938N 03330E
RU;IKS;Tiksi;Tiksi;;1--4----;AI;9601;;
RU;TIL;Tilichiki;Tilichiki;KAM;--3-----;RL;1601;;6028N 16606E
RU;TVK;Timashevsk;Timashevsk;;123-----;RL;601;;4537N 03856E
RU;TOX;Tobolsk;Tobolsk;;---4----;AI;1;;
RU;TVA;Tolvuya;Tolvuya;KR;--3-----;RL;1007;;6230N 03517E
RU;TTI;Tolyatti;Tolyatti;;1-------;QQ;9207;;
RU;TOI;Tol'yatti;Tol'yatti;;1----6--;RL;701;;5328N 04930E
RU;TML;Tomilino;Tomilino;MOS;--3-----;RL;1301;;5539N 03756E
RU;TOF;Tomsk;Tomsk;;---4----;AI;1;;
RU;THK;Torzhok;Torzhok;TVE;-23-----;RL;507;;5702N 03458E
RU;TSO;Tosno;Tosno;;-23-----;RL;601;;5933N 03054E
RU;TRR;Trifonov Ruchey;Trifonov Ruchey;;1-------;QQ;9207;;
RU;TRK;Troitsk;Troitsk;;--3-----;RQ;607;;5406N 06133E
RU;TRO;Troitsk, Mordovia;Troitsk, Mordovia;;--3-----;RL;601;;5405N 04348E
RU;TDO;Trudfront;Trudfront;AST;1-3-----;RL;401;;4555N 04740E
RU;RZI;Tsimlyansk;Tsimlyansk;ROS;-----6--;RL;901;;4738N 04206E
RU;TUA;Tuapse;Tuapse;;1-------;QQ;9207;;
RU;THV;Tuchkovo;Tuchkovo;MOS;--3-----;RL;1107;;5536N 03628E
RU;TYA;Tula;Tula;;---4----;AI;1;;
RU;TVR;Tver';Tver';TVE;-234----;RL;401;KLD;5651N 03553E
RU;TKY;Tverskaya;Tverskaya;KDA;--3-----;RL;1207;;4436N 03936E
RU;TVE;Tverskoye;Tverskoye;;--3-----;RQ;607;;5647N 03315E
RU;TYG;Tygda;Tygda;AMU;-----6--;RL;1107;;5307N 12620E
RU;TYD;Tynda;Tynda;;---4----;AI;1;;
RU;TYL;Tyulkino;Tyulkino;PER;--3-----;RL;401;;5949N 05630E
RU;TJM;Tyumen;Tyumen;TYU;-234----;AI;507;;5709N 06530E
RU;UEL;Uelen;Uelen;CHU;1-------;RQ;901;;6610N 16949W
RU;UFA;Ufa;Ufa;;--34----;AI;9901;;
RU;UGL;Uglegorsk;Uglegorsk;;1-------;RQ;9506;;
RU;UGC;Uglich;Uglich;YAR;123-----;RL;401;;5731N 03819E
RU;UCT;Ukhta;Ukhta;;---4----;AI;1;;
RU;UUD;Ulan-Ude;Ulan-Ude;;---4----;AI;1;;
RU;ULY;Ulyanovsk (Simbirsk);Ulyanovsk (Simbirsk);ULY;-234----;AI;507;;5418N 04821E
RU;UMB;Umba;Umba;;1-------;QQ;9207;;
RU;UMT;Umet;Umet;MO;-----6--;RL;1201;;5406N 04241E
RU;URA;Ura-Guba;Ura-Guba;;1-------;RL;212;;6917N 03248E
RU;URJ;Uraj;Uraj;;---4----;AI;1;;
RU;USU;Urussu;Urussu;TA;-23-----;RL;1107;;5435N 05327E
RU;URY;Uryupinsk;Uryupinsk;VGG;--3-----;RL;1107;;5047N 04200E
RU;USA;Usad;Usad;KIR;--3-----;RL;501;;5613N 05106E
RU;USK;Usinsk;Usinsk;;---4----;AI;1;;
RU;USS;Ussuriysk;Ussuriysk;;--3-----;RQ;607;;4348N 13157E
RU;UCH;Ust Chaun;Ust Chaun;CHU;1-------;RQ;901;;6848N 17030E
RU;UIK;Ust-Ilimsk;Ust-Ilimsk;;---4----;AI;1;;
RU;UKK;Ust-Kamchatsk;Ust-Kamchatsk;;1-------;RL;9207;;5013N 16239E
RU;HRV;Ust'-Khayryuzovo;Ust'-Khayryuzovo;KAM;--3-----;RL;1601;;5706N 15645E
RU;UKX;Ust-Kut;Ust-Kut;;---4----;AI;1;;
RU;ULU;Ust'-Luga;Ust'-Luga;LEN;123-----;RL;901;;5940N 02819E
RU;UGA;Ust-Luga;Ust-Luga;LEN;-23-----;RL;1601;;5939N 02816E
RU;UZL;Uzlovaya;Uzlovaya;;--3-----;RL;901;;5359N 03808E
RU;VOY;Uzlovoy;Uzlovoy;ORE;--3-----;RL;901;;5141N 05538E
RU;VLY;Valuyki;Valuyki;BEL;--3-----;RQ;901;;5012N 03806E
RU;VNN;Vanino;Vanino;;1-------;QQ;9207;;
RU;VKR;Vankarem;Vankarem;CHU;1-------;RQ;901;;6750N 17552W
RU;VAR;Varandey;Varandey;;1-3-----;RL;601;;6847N 05759E
RU;VAO;Vassilevsky Ostrov/St Petersburg;Vassilevsky Ostrov/St Petersburg;;--3-----;RL;201;;5956N 03013E
RU;VAY;Vaygach;Vaygach;NEN;1-------;RQ;901;;7025N 05845E
RU;KMV;Velikaya Kema;Velikaya Kema;;1-------;QQ;9207;;
RU;VUS;Velikij Ustyug;Velikij Ustyug;;---4----;AI;9601;;
RU;VND;Velikiy Novgorod;Velikiy Novgorod;;--3-----;RL;901;;5831N 03117E
RU;VLU;Velikiye Luki;Velikiye Luki;;---4----;AI;1;;
RU;VNY;Venyov;Venyov;;1----6--;RL;1107;;
RU;VNP;Verkhnedneprovskiy;Verkhnedneprovskiy;;-23-----;RL;601;;5459N 03320E
RU;VER;Verkhnyaya Khava;Verkhnyaya Khava;VOR;--3-----;RL;1601;;5150N 03955E
RU;VPY;Verkhnyaya Pyshma;Verkhnyaya Pyshma;SVE;-----6--;RL;901;;5697N 60617E
RU;VRK;Verkhnyaya Salda;Verkhnyaya Salda;SVE;-----6--;RL;1007;;5803N 06033E
RU;VRH;Verkhove;Verkhove;;--3--6--;RQ;607;;5249N 03714E
RU;VYE;Vertikoye;Vertikoye;TOM;1-------;RQ;901;;5923N 07941E
RU;VSK;Vesyegonsk;Vesyegonsk;TVE;--3-----;RL;1507;;5840N 03716E
RU;VLZ;Vetluzhskiy;Vetluzhskiy;;-23-----;RL;601;;5710N 04507E
RU;VCG;Vichuga;Vichuga;IVA;-23-----;RL;501;;5712N 04155E
RU;VTM;Vitim;Vitim;SA;1-------;RQ;901;;5925N 11234E
RU;VIT;Vitino;Vitino;MUR;1-------;RL;212;;6705N 03220E
RU;VTZ;Vityaz;Vityaz;;1-3-----;RL;212;;4236N 13110E
RU;VLA;Vladikavkaz;Vladikavkaz;;--3-----;AI;3;;
RU;VMR;Vladimir, Vladimirskaya;Vladimir, Vladimirskaya;VLA;-23-----;RL;501;;5608N 04024E
RU;VVO;Vladivostok;Vladivostok;;1--4----;AI;9601;;
RU;FIP;Vladivostok;Vladivostok;PRI;1-------;RL;1301;;4308N 13154E
RU;VKO;Vnukovo Apt/Moscow;Vnukovo Apt/Moscow;;---4----;AI;9601;;
RU;VOI;Voinovka;Voinovka;PNZ;-2------;RL;901;;5243N 04406E
RU;VLG;Volga;Volga;YAR;1-------;RQ;901;;5757N 03824E
RU;VLK;Volgodonsk;Volgodonsk;;---4----;AI;1;;
RU;VOG;Volgograd;Volgograd;;1--4----;AI;1101;;4848N 04435E
RU;VOK;Volkhov;Volkhov;LEN;--3-----;RL;1307;;5955N 03220E
RU;VLD;Volodarsk;Volodarsk;NIZ;--3-----;RQ;1001;;5613N 04311E
RU;VGD;Vologda;Vologda;;---4----;AI;1;;
RU;VLO;Volokolamsk;Volokolamsk;MOW;--3-----;RL;1301;;5602N 03558E
RU;VOL;Volosovo;Volosovo;LEN;-----6--;RQ;907;;5942N 02945E
RU;VSB;Vol'sk;Vol'sk;SAR;--3-----;RL;1507;;5202N 04723E
RU;VZH;Volzhsk;Volzhsk;;123-----;RL;601;;5550N 04815E
RU;VHS;Volzhsky;Volzhsky;VGG;--3-----;RQ;1007;;4847N 04446E
RU;VKT;Vorkuta;Vorkuta;;---4----;AI;1;;
RU;NET;Voronets;Voronets;LIP;--3-----;RL;1507;;5232N 03829E
RU;VOZ;Voronezh;Voronezh;;---4----;AI;1;;
RU;VTY;Vorotynsk;Vorotynsk;KLU;--3-----;RL;1307;;5428N 03603E
RU;VOS;Voskresensk;Voskresensk;;-23-----;RL;601;;5518N 03843E
RU;VKS;Voskresensk;Voskresensk;;--3--6--;RQ;607;;5518N 03842E
RU;VYP;Vostochnyy Port;Vostochnyy Port;;1-------;RL;1101;;4246N 13303E
RU;VMS;Vostokmorservice;Vostokmorservice;PRI;1-------;RL;1301;;4305N 13152E
RU;VOT;Votkinsk;Votkinsk;UD;-----6--;RL;901;;5705N 53988E
RU;VZB;Vozrozhdeniya, Bukhta;Vozrozhdeniya, Bukhta;;1-------;QQ;9207;;
RU;VRA;Vrangel';Vrangel';PRI;--3-----;RL;701;;4243N 13305E
RU;VSE;Vsevolozhsk;Vsevolozhsk;;-23-----;RL;601;;6000N 03038E
RU;VYA;Vyartsilya;Vyartsilya;;-2------;QQ;8601;;
RU;VPO;Vyatskiye Polyany;Vyatskiye Polyany;;--3-----;RQ;607;;5613N 05104E
RU;VZA;Vyaz'ma;Vyaz'ma;;-23-----;RL;601;;5513N 03418E
RU;VYG;Vyborg;Vyborg;;1--4----;QQ;9207;;
RU;VYK;Vyksa;Vyksa;NIZ;123-----;RL;507;;5519N 04210E
RU;VSG;Vyshgorod;Vyshgorod;RYA;-23-----;RL;1107;;5431N 04003E
RU;VIC;Vyshniy Volocheck;Vyshniy Volocheck;TVE;-23-----;RL;501;;5735N 03432E
RU;VYS;Vysotsk;Vysotsk;;1-------;RL;901;;6038N 02834E
RU;YAB;Yagelnaya Bukhta;Yagelnaya Bukhta;;1-------;QQ;9207;;
RU;YAG;Yagodnyy;Yagodnyy;;-2------;QQ;8601;;
RU;YKS;Yakutsk;Yakutsk;;---4----;AI;1;;
RU;YAM;Yamburg;Yamburg;NEN;1-------;RQ;901;;6817N 07709E
RU;YAN;Yanino;Yanino;LEN;--3-----;RQ;1007;;5956N 03036E
RU;IAR;Yaroslavl;Yaroslavl;;1--4----;AI;9601;;
RU;YTS;Yartsevo;Yartsevo;SMO;1-34----;RL;1201;;5504N 03240E
RU;YEF;Yefremov (Efremov);Yefremov (Efremov);;--3-----;RQ;607;;5309N 03807E
RU;EVK;Yegor'yevsk;Yegor'yevsk;MOS;-23-----;RL;907;;5522N 03901E
RU;YEK;Yekaterinburg (Ekaterinburg);Yekaterinburg (Ekaterinburg);SVE;-23-----;RL;401;SVX;5651N 06036E
RU;YBE;Yelabuga;Yelabuga;TA;--3--6--;RL;507;;5545N 05204E
RU;YLT;Yelets;Yelets;LIP;-23-----;RL;307;;5236N 03831E
RU;ESS;Yessentuki (Essentuki);Yessentuki (Essentuki);;--3-----;RQ;607;;4402N 04250E
RU;YEY;Yeysk;Yeysk;;1-------;RQ;9506;;
RU;DEE;Yuzhno-Kuril'sk;Yuzhno-Kuril'sk;SAK;1--4----;AI;1207;;4402N 14551E
RU;UUS;Yuzhno-Sakhalinsk;Yuzhno-Sakhalinsk;SAK;---4----;AI;1207;;4653N 14243E
RU;ZBK;Zabaikalsk;Zabaikalsk;;-2------;QQ;9207;;
RU;ZZR;Zaozer'ye;Zaozer'ye;MOS;--3-----;RL;1407;;5534N 03802E
RU;ZPY;Zapolyarnyy;Zapolyarnyy;;-23-----;RL;601;;6926N 03103E
RU;ZYK;Zaraysk;Zaraysk;MOW;-23-----;RL;501;;5445N 03852E
RU;ZRK;Zarinsk;Zarinsk;ALT;-23-----;RL;1107;;5343N 08457E
RU;ZAR;Zarubino;Zarubino;;1-------;RL;212;;4237N 13105E
RU;ZAL;Zavolzh'ye;Zavolzh'ye;NIZ;----56--;RL;1007;;5639N 04324E
RU;ZAO;Zavyalova, O;Zavyalova, O;;1-------;QQ;9207;;
RU;ZAV;Zav'yalovo;Zav'yalovo;AL;--3-----;RL;701;;5250N 08053E
RU;ZEM;Zeleniy Mys;Zeleniy Mys;;1-------;QQ;8012;;
RU;ZDK;Zelënodol'sk;Zelenodol'sk;;123-----;RL;601;;5550N 04831E
RU;ZEL;Zelenograd;Zelenograd;MOS;-23-56--;RL;901;;5556N 03717E
RU;ZHL;Zheleznodorozhniy;Zheleznodorozhniy;;-2------;QQ;9207;;
RU;ZZO;Zheleznogorsk;Zheleznogorsk;KRS;--3-----;RL;907;;5219N 03529E
RU;ZSK;Zheleznovodsk;Zheleznovodsk;STA;--3-----;RL;1507;;4408N 04301E
RU;ZHI;Zhirnovsk;Zhirnovsk;;--3-----;RQ;607;;5058N 04440E
RU;ZKA;Zhukovka, Bryansk;Zhukovka, Bryansk;;-23-----;RL;601;;5331N 03344E
RU;ZSY;Zhukovskiy;Zhukovskiy;MOS;--3-----;RL;407;;5536N 03806E
RU;ZTT;Zlatoust;Zlatoust;CHE;--3-----;RL;407;;5510N 05940E
RU;ZLY;Zlynka;Zlynka;BRY;#¿NOMBRE?;RL;501;;5225N 03144E
RU;ZVK;Zmiyëvka;Zmiyevka;;-23--6--;RL;601;;5240N 03623E
RU;GUO;Znamenskoye Gubailovo;Znamenskoye Gubailovo;MOS;--3-----;RL;207;;5550N 03718E
RU;ZLD;Zolotaya Dolina;Zolotaya Dolina;PRI;--3-----;RQ;1001;;4256N 13307E
