"LA","BK","Bokeo","Province"
"LA","BL","Bolikhamxai [Borikhane]","Province"
"LA","CH","Champasak [Champassak]","Province"
"LA","HO","Houaphan","Province"
"LA","KH","Khammouan","Province"
"LA","LM","Louang Namtha","Province"
"LA","LP","Louangphabang [Louang Prabang)","Province"
"LA","OU","Oudômxai [Oudomsai]","Province"
"LA","PH","Phôngsali [Phong Saly]","Province"
"LA","SL","Salavan [Saravane]","Province"
"LA","SV","Savannakhét","Province"
"LA","VI","Vientiane","Province"
"LA","VT","Vientiane","Prefecture"
"LA","XA","Xaignabouli [Sayaboury]","Province"
"LA","XE","Xékong [Sékong]","Province"
"LA","XI","Xiangkhouang [Xieng Khouang]","Province"
"LA","XS","Xaisômboun","province"
"LB","AK","Aakkâr","Governorate"
"LB","AS","Liban-Nord","Governorate"
"LB","BA","Beyrouth","Governorate"
"LB","BH","Baalbek-Hermel","Governorate"
"LB","BI","El Béqaa","Governorate"
"LB","JA","Liban-Sud","Governorate"
"LB","JL","Mont-Liban","Governorate"
"LB","NA","Nabatîyé","Governorate"
"LC","01","Anse la Raye","District"
"LC","02","Castries","District"
"LC","03","Choiseul","District"
"LC","05","Dennery","District"
"LC","06","Gros Islet","District"
"LC","07","Laborie","District"
"LC","08","Micoud","District"
"LC","10","Soufrière","District"
"LC","11","Vieux Fort","District"
"LC","12","Canaries","District"
"LI","01","Balzers","Commune"
"LI","02","Eschen","Commune"
"LI","03","Gamprin","Commune"
"LI","04","Mauren","Commune"
"LI","05","Planken","Commune"
"LI","06","Ruggell","Commune"
"LI","07","Schaan","Commune"
"LI","08","Schellenberg","Commune"
"LI","09","Triesen","Commune"
"LI","10","Triesenberg","Commune"
"LI","11","Vaduz","Commune"
"LK","1","Basnahira pa?ata","Province"
"LK","11","Colombo","District"
"LK","12","Gampaha","District"
"LK","13","Kalutara","District"
"LK","2","Madhyama pa?ata","Province"
"LK","21","Kandy","District"
"LK","22","Matale","District"
"LK","23","Nuwara Eliya","District"
"LK","3","Daku?u pa?ata","Province"
"LK","31","Galle","District"
"LK","32","Matara","District"
"LK","33","Hambantota","District"
"LK","4","Uturu pa?ata","Province"
"LK","41","Jaffna","District"
"LK","42","Kilinochchi","District"
"LK","43","Mannar","District"
"LK","44","Vavuniya","District"
"LK","45","Mullaittivu","District"
"LK","5","Næ?genahira pa?ata","Province"
"LK","51","Batticaloa","District"
"LK","52","Ampara","District"
"LK","53","Trincomalee","District"
"LK","6","Vayamba pa?ata","Province"
"LK","61","Kurunegala","District"
"LK","62","Puttalam","District"
"LK","7","Uturumæ?da pa?ata","Province"
"LK","71","Anuradhapura","District"
"LK","72","Polonnaruwa","District"
"LK","8","Uva pa?ata","Province"
"LK","81","Badulla","District"
"LK","82","Monaragala","District"
"LK","9","Sabaragamuva pa?ata","Province"
"LK","91","Ratnapura","District"
"LK","92","Kegalla","District"
"LR","BG","Bong","County"
"LR","BM","Bomi","County"
"LR","CM","Grand Cape Mount","County"
"LR","GB","Grand Bassa","County"
"LR","GG","Grand Gedeh","County"
"LR","GK","Grand Kru","County"
"LR","GP","Gbarpolu","County"
"LR","LO","Lofa","County"
"LR","MG","Margibi","County"
"LR","MO","Montserrado","County"
"LR","MY","Maryland","County"
"LR","NI","Nimba","County"
"LR","RG","River Gee","County"
"LR","RI","	River Cess","County"
"LR","SI","Sinoe","County"
"LS","A","Maseru","District"
"LS","B","Butha-Buthe","District"
"LS","C","Leribe","District"
"LS","D","Berea","District"
"LS","E","Mafeteng","District"
"LS","F","Mohale's Hoek","District"
"LS","G","Quthing","District"
"LS","H","Qacha's Nek","District"
"LS","J","Mokhotlong","District"
"LS","K","Thaba-Tseka","District"
"LT","01","Akmene","District municipality"
"LT","02","Alytaus miestas","City municipality"
"LT","03","Alytus","District municipality"
"LT","04","Anykšciai","District municipality"
"LT","05","Birštono","Municipality"
"LT","06","Biržai","District municipality"
"LT","07","Druskininkai","Municipality"
"LT","08","Elektrénai","Municipality"
"LT","09","Ignalina","District municipality"
"LT","10","Jonava","District municipality"
"LT","11","Joniškis","District municipality"
"LT","12","Jurbarkas","District municipality"
"LT","13","Kaišiadorys","District municipality"
"LT","14","Kalvarijos","Municipality"
"LT","15","Kauno miestas","City municipality"
"LT","16","Kaunas","District municipality"
"LT","17","Kazlu Rudos","Municipality"
"LT","18","Kedainiai","District municipality"
"LT","19","Kelme","District municipality"
"LT","20","Klaipedos miestas","City municipality"
"LT","21","Klaipeda","District municipality"
"LT","22","Kretinga","District municipality"
"LT","23","Kupiškis","District municipality"
"LT","24","Lazdijai","District municipality"
"LT","25","Marijampole","District municipality"
"LT","26","Mažeikiai","District municipality"
"LT","27","Moletai","District municipality"
"LT","28","Neringa","Municipality"
"LT","29","Pagégiai","Municipality"
"LT","30","Pakruojis","District municipality"
"LT","31","Palangos miestas","City municipality"
"LT","32","Panevežio miestas","City municipality"
"LT","33","Panevežys","District municipality"
"LT","34","Pasvalys","District municipality"
"LT","35","Plunge","District municipality"
"LT","36","Prienai","District municipality"
"LT","37","Radviliškis","District municipality"
"LT","38","Raseiniai","District municipality"
"LT","39","Rietavo","Municipality"
"LT","40","Rokiškis","District municipality"
"LT","41","Šakiai","District municipality"
"LT","42","Šalcininkai","District municipality"
"LT","43","Šiauliu miestas","City municipality"
"LT","44","Šiauliai","District municipality"
"LT","45","Šilale","District municipality"
"LT","46","Šilute","District municipality"
"LT","47","Širvintos","District municipality"
"LT","48","Skuodas","District municipality"
"LT","49","Švencionys","District municipality"
"LT","50","Taurage","District municipality"
"LT","51","Telšiai","District municipality"
"LT","52","Trakai","District municipality"
"LT","53","Ukmerge","District municipality"
"LT","54","Utena","District municipality"
"LT","55","Varena","District municipality"
"LT","56","Vilkaviškis","District municipality"
"LT","57","Vilniaus miestas","City municipality"
"LT","58","Vilnius","District municipality"
"LT","59","Visaginas","Municipality"
"LT","60","Zarasai","District municipality"
"LT","AL","Alytaus Apskritis","County"
"LT","KL","Klaipedos apskritis","County"
"LT","KU","Kauno Apskritis","County"
"LT","MR","Marijampoles apskritis","County"
"LT","PN","Panevežio apskritis","County"
"LT","SA","Šiauliu Apskritis","County"
"LT","TA","Taurages apskritis","County"
"LT","TE","Telšiu Apskritis","County"
"LT","UT","Utenos Apskritis","County"
"LT","VL","Vilniaus Apskritis","County"
"LU","CA","Capellen","canton"
"LU","CL","Clervaux","canton"
"LU","DI","Diekirch","canton"
"LU","EC","Echternach","canton"
"LU","ES","Esch-sur-Alzette","canton"
"LU","GR","Gréivemaacher","canton"
"LU","LU","Luxembourg","canton"
"LU","ME","Mersch","canton"
"LU","RD","Redange","canton"
"LU","RM","Remich","canton"
"LU","VD","Vianden","canton"
"LU","WI","Wiltz","canton"
"LV","001","Aglonas novads (Aglona)","Municipality"
"LV","002","Aizkraukles novads (Aizkraukle)","Municipality"
"LV","003","Aizputes novads (Aizpute)","Municipality"
"LV","004","Aknistes novads (Akniste)","Municipality"
"LV","005","Alojas novads (Aloja)","Municipality"
"LV","006","Alsungas novads (Alsunga)","Municipality"
"LV","007","Aluksnes novads (Aluksne)","Municipality"
"LV","008","Amatas novads (Amata)","Municipality"
"LV","009","Apes novads (Ape)","Municipality"
"LV","010","Auces novads (Auce)","Municipality"
"LV","011","Adažu novads (Adaži)","Municipality"
"LV","012","Babites novads (Babite)","Municipality"
"LV","013","Baldones novads (Baldone)","Municipality"
"LV","014","Baltinavas novads (Baltinava)","Municipality"
"LV","015","Balvu novads (Balvi)","Municipality"
"LV","016","Bauskas novads (Bauska)","Municipality"
"LV","017","Beverinas novads (Beverina)","Municipality"
"LV","018","Brocenu novads (Broceni)","Municipality"
"LV","019","Burtnieku novads (Burtnieki)","Municipality"
"LV","020","Carnikavas novads (Carnikava)","Municipality"
"LV","021","Cesvaines novads (Cesvaine)","Municipality"
"LV","022","Cesu novads (Cesis)","Municipality"
"LV","023","Ciblas novads (Cibla)","Municipality"
"LV","024","Dagdas novads (Dagda)","Municipality"
"LV","025","Daugavpils novads (Daugavpils)","Municipality"
"LV","026","Dobeles novads (Dobele)","Municipality"
"LV","027","Dundagas novads (Dundaga)","Municipality"
"LV","028","Durbes novads (Durbe)","Municipality"
"LV","029","Engures novads (Engure)","Municipality"
"LV","030","Erglu novads (Ergli)","Municipality"
"LV","031","Garkalnes novads (Garkalne)","Municipality"
"LV","032","Grobinas novads (Grobina)","Municipality"
"LV","033","Gulbenes novads (Gulbene)","Municipality"
"LV","034","Iecavas novads (Iecava)","Municipality"
"LV","035","Ikškiles novads (Ikškile)","Municipality"
"LV","036","Ilukstes novads (Ilukste)","Municipality"
"LV","037","Incukalna novads (Incukalns)","Municipality"
"LV","038","Jaunjelgavas novads
(Jaunjelgava)","Municipality"
"LV","039","Jaunpiebalgas novads
(Jaunpiebalga)","Municipality"
"LV","040","Jaunpils novads (Jaunpils)","Municipality"
"LV","041","Jelgavas novads (Jelgava)","Municipality"
"LV","042","Jekabpils novads (Jekabpils)","Municipality"
"LV","043","Kandavas novads (Kandava)","Municipality"
"LV","044","Karsavas novads (Karsava)","Municipality"
"LV","045","Kocenu novads (Koceni)","Municipality"
"LV","046","Kokneses novads (Koknese)","Municipality"
"LV","047","Kraslavas novads (Kraslava)","Municipality"
"LV","048","Krimuldas novads (Krimulda)","Municipality"
"LV","049","Krustpils novads (Krustpils)","Municipality"
"LV","050","Kuldigas novads (Kuldiga)","Municipality"
"LV","051","Keguma novads (Kegums)","Municipality"
"LV","052","Kekavas novads (Kekava)","Municipality"
"LV","053","Lielvardes novads (Lielvarde)","Municipality"
"LV","054","Limbažu novads (Limbaži)","Municipality"
"LV","055","Ligatnes novads (Ligatne)","Municipality"
"LV","056","Livanu novads (Livani)","Municipality"
"LV","057","Lubanas novads (Lubana)","Municipality"
"LV","058","Ludzas novads (Ludza)","Municipality"
"LV","059","Madonas novads (Madona)","Municipality"
"LV","060","Mazsalacas novads (Mazsalaca)","Municipality"
"LV","061","Malpils novads (Malpils)","Municipality"
"LV","062","Marupes novads (Marupe)","Municipality"
"LV","063","Mersraga novads (Mersrags)","Municipality"
"LV","064","Naukšenu novads (Naukšeni)","Municipality"
"LV","065","Neretas novads (Nereta)","Municipality"
"LV","066","Nicas novads (Nica)","Municipality"
"LV","067","Ogres novads (Ogre)","Municipality"
"LV","068","Olaines novads (Olaine)","Municipality"
"LV","069","Ozolnieku novads (Ozolnieki)","Municipality"
"LV","070","Pargaujas novads (Pargauja)","Municipality"
"LV","071","Pavilostas novads (Pavilosta)","Municipality"
"LV","072","Plavinu novads (Plavinas)","Municipality"
"LV","073","Preilu novads (Preili)","Municipality"
"LV","074","Priekules novads (Priekule)","Municipality"
"LV","075","Priekulu novads (Priekuli)","Municipality"
"LV","076","Raunas novads (Rauna)","Municipality"
"LV","077","Rezeknes novads (Rezekne)","Municipality"
"LV","078","Riebinu novads (Riebini)","Municipality"
"LV","079","Rojas novads (Roja)","Municipality"
"LV","080","Ropažu novads (Ropaži)","Municipality"
"LV","081","Rucavas novads (Rucava)","Municipality"
"LV","082","Rugaju novads (Rugaji)","Municipality"
"LV","083","Rundales novads (Rundale)","Municipality"
"LV","084","Rujienas novads (Rujiena)","Municipality"
"LV","085","Salas novads (Sala)","Municipality"
"LV","086","Salacgrivas novads (Salacgriva)","Municipality"
"LV","087","Salaspils novads (Salaspils)","Municipality"
"LV","088","Saldus novads (Saldus)","Municipality"
"LV","089","Saulkrastu novads (Saulkrasti)","Municipality"
"LV","090","Sejas novads (Seja)","Municipality"
"LV","091","Siguldas novads (Sigulda)","Municipality"
"LV","092","Skriveru novads (Skriveri)","Municipality"
"LV","093","Skrundas novads (Skrunda)","Municipality"
"LV","094","Smiltenes novads (Smiltene)","Municipality"
"LV","095","Stopinu novads (Stopini)","Municipality"
"LV","096","Strencu novads (Strenci)","Municipality"
"LV","097","Talsu novads (Talsi)","Municipality"
"LV","098","Tervetes novads (Tervete)","Municipality"
"LV","099","Tukuma novads (Tukums)","Municipality"
"LV","100","Vainodes novads (Vainode)","Municipality"
"LV","101","Valkas novads (Valka)","Municipality"
"LV","102","Varaklanu novads (Varaklani)","Municipality"
"LV","103","Varkavas novads (Varkava)","Municipality"
"LV","104","Vecpiebalgas novads
(Vecpiebalga)","Municipality"
"LV","105","Vecumnieku novads (Vecumnieki)","Municipality"
"LV","106","Ventspils novads (Ventspils)","Municipality"
"LV","107","Viesites novads (Viesite)","Municipality"
"LV","108","Vilakas novads (Vilaka)","Municipality"
"LV","109","Vilanu novads (Vilani)","Municipality"
"LV","110","Zilupes novads (Zilupe)","Municipality"
"LV","DGV","Daugavpils","Republican city"
"LV","JEL","Jelgava","Republican city"
"LV","JKB","Jekabpils","Republican city"
"LV","JUR","Jurmala","Republican city"
"LV","LPX","Liepaja","Republican city"
"LV","REZ","Rezekne","Republican city"
"LV","RIX","Riga","Republican city"
"LV","VEN","Ventspils","Republican city"
"LV","VMR","Valmiera","Republican city"
"LY","BA","Banghazi","Popularate"
"LY","BU","Al Butnan","Popularate"
"LY","DR","Darnah","Popularate"
"LY","GT","Ghat","Popularate"
"LY","JA","Al Jabal al Akh?ar","Popularate"
"LY","JG","Al Jabal al Gharbi","Popularate"
"LY","JI","Al Jafarah","Popularate"
"LY","JU","Al Jufrah","Popularate"
"LY","KF","Al Kufrah","Popularate"
"LY","MB","Al Marqab","Popularate"
"LY","MI","Misratah","Popularate"
"LY","MJ","Al Marj","Popularate"
"LY","MQ","Murzuq","Popularate"
"LY","NL","Nalut","Popularate"
"LY","NQ","An Nuqat al Khams","Popularate"
"LY","SB","Sabha","Popularate"
"LY","SR","Surt","Popularate"
"LY","TB","Tarabulus","Popularate"
"LY","WA","Al Wa?at","Popularate"
"LY","WD","Wadi al Hayat","Popularate"
"LY","WS","Wadi ash Shati?","Popularate"
"LY","ZA","Az Zawiyah","Popularate"
"MA","01","Tanger-Tétouan","Economic Region"
"MA","02","Gharb-Chrarda-Beni Hssen","Economic Region"
"MA","03","Taza-Al Hoceima-Taounate","Economic Region"
"MA","04","L'Oriental","Economic Region"
"MA","05","Fès-Boulemane","Economic Region"
"MA","06","Meknès-Tafilalet","Economic Region"
"MA","07","Rabat-Salé-Zemmour-Zaer","Economic Region"
"MA","08","Grand Casablanca","Economic Region"
"MA","09","Chaouia-Ouardigha","Economic Region"
"MA","10","Doukhala-Abda","Economic Region"
"MA","11","Marrakech-Tensift-Al Haouz","Economic Region"
"MA","12","Tadla-Azilal","Economic Region"
"MA","13","Sous-Massa-Draa","Economic Region"
"MA","14","Guelmim-Es Semara","Economic Region"
"MA","15","Laâyoune-Boujdour-Sakia el Hamra","Economic Region"
"MA","16","Oued ed Dahab-Lagouira","Economic Region"
"MA","AGD","Agadir-Ida-Outanane","Prefecture"
"MA","AOU","Aousserd","Prefecture"
"MA","ASZ","Assa-Zag","Province"
"MA","AZI","Azilal","Province"
"MA","BEM","Beni Mellal","Province"
"MA","BER","Berkane","Province"
"MA","BES","Ben Slimane","Province"
"MA","BOD","Boujdour (EH)","Province"
"MA","BOM","Boulemane","Province"
"MA","CAS","Casablanca [Dar el Beïda]*","Prefecture"
"MA","CHE","Chefchaouene","Province"
"MA","CHI","Chichaoua","Province"
"MA","CHT","Chtouka-Ait Baha","Province"
"MA","ERR","Errachidia","Province"
"MA","ESI","Essaouira","Province"
"MA","ESM","Es Smara (EH)","Province"
"MA","FAH","Fahs-Beni Makada","Prefecture"
"MA","FES","Fès-Dar-Dbibegh","Prefecture"
"MA","FIG","Figuig","Province"
"MA","GUE","Guelmim","Province"
"MA","HAJ","El Hajeb","Province"
"MA","HAO","Al Haouz","Province"
"MA","HOC","Al Hoceïma","Province"
"MA","IFR","Ifrane","Province"
"MA","INE","Inezgane-Ait Melloul","Prefecture"
"MA","JDI","El Jadida","Province"
"MA","JRA","Jrada","Province"
"MA","KEN","Kénitra","Province"
"MA","KES","Kelaat Sraghna","Province"
"MA","KHE","Khemisset","Province"
"MA","KHN","Khenifra","Province"
"MA","KHO","Khouribga","Province"
"MA","LAA","Laâyoune","Province"
"MA","LAR","Larache","Province"
"MA","MED","Médiouna","Province"
"MA","MEK","Meknès*","Prefecture"
"MA","MMD","Marrakech-Medina","Prefecture"
"MA","MMN","Marrakech-Menara","Prefecture"
"MA","MOH","Mohammadia","Prefecture"
"MA","MOU","Moulay Yacoub","Province"
"MA","NAD","Nador","Province"
"MA","NOU","Nouaceur","Province"
"MA","OUA","Ouarzazate","Province"
"MA","OUD","Oued ed Dahab (EH)","Province"
"MA","OUJ","Oujda-Angad","Prefecture"
"MA","RAB","Rabat","Prefecture"
"MA","SAF","Safi","Province"
"MA","SAL","Salé","Prefecture"
"MA","SEF","Sefrou","Province"
"MA","SET","Settat","Province"
"MA","SIK","Sidi Kacem","Province"
"MA","SKH","Skhirate-Témara","Prefecture"
"MA","SYB","Sidi Youssef Ben Ali","Prefecture"
"MA","TAI","Taourirt","Province"
"MA","TAO","Taounate","Province"
"MA","TAR","Taroudannt","Province"
"MA","TAT","Tata","Province"
"MA","TAZ","Taza","Province"
"MA","TET","Tétouan*","Prefecture"
"MA","TIZ","Tiznit","Province"
"MA","TNG","Tanger-Assilah","Prefecture"
"MA","TNT","Tan-Tan","Province"
"MA","ZAG","Zagora","Province"
"MC","CL","La Colle","Quarter"
"MC","CO","La Condamine","Quarter"
"MC","FO","Fontvieille","Quarter"
"MC","GA","La Gare","Quarter"
"MC","JE","Jardin Exotique","Quarter"
"MC","LA","Larvotto","Quarter"
"MC","MA","Malbousquet","Quarter"
"MC","MC","Monte-Carlo","Quarter"
"MC","MG","Moneghetti","Quarter"
"MC","MO","Monaco-Ville","Quarter"
"MC","MU","Moulins","Quarter"
"MC","PH","Port-Hercule","Quarter"
"MC","SD","Sainte-Dévote","Quarter"
"MC","SO","La Source","Quarter"
"MC","SP","Spélugues","Quarter"
"MC","SR","Saint-Roman","Quarter"
"MC","VR","Vallon de la Rousse","Quarter"
"MD","AN","Anenii Noi","District"
"MD","BA","Balti","City"
"MD","BD","Bender [Tighina]","City"
"MD","BR","Briceni","District"
"MD","BS","Basarabeasca","District"
"MD","CA","Cahul","District"
"MD","CL","Calarasi","District"
"MD","CM","Cimislia","District"
"MD","CR","Criuleni","District"
"MD","CS","Causeni","District"
"MD","CT","Cantemir","District"
"MD","CU","Chisinau","City"
"MD","DO","Donduseni","District"
"MD","DR","Drochia","District"
"MD","DU","Dubasari","District"
"MD","ED","Edinet","District"
"MD","FA","Falesti","District"
"MD","FL","Floresti","District"
"MD","GA","Gagauzia, Unitatea teritoriala
autonoma (UTAG)","Autonomous territory unit"
"MD","GL","Glodeni","District"
"MD","HI","Hîncesti","District"
"MD","IA","Ialoveni","District"
"MD","LE","Leova","District"
"MD","NI","Nisporeni","District"
"MD","OC","Ocniþa","District"
"MD","OR","Orhei","District"
"MD","RE","Rezina","District"
"MD","RI","Rîscani","District"
"MD","SD","Soldanesti","District"
"MD","SI","Sîngerei","District"
"MD","SN","Stînga Nistrului, unitatea teritoriala din","Territorial unit"
"MD","SO","Soroca","District"
"MD","ST","Straseni","District"
"MD","SV","Stefan Voda","District"
"MD","TA","Taraclia","District"
"MD","TE","Telenesti","District"
"MD","UN","Ungheni","District"
"ME","01","Andrijevica","Municipality"
"ME","02","Bar","Municipality"
"ME","03","Berane","Municipality"
"ME","04","Bijelo Polje","Municipality"
"ME","05","Budva","Municipality"
"ME","06","Cetinje","Municipality"
"ME","07","Danilovgrad","Municipality"
"ME","08","Herceg-Novi","Municipality"
"ME","09","Kolašin","Municipality"
"ME","10","Kotor","Municipality"
"ME","11","Mojkovac","Municipality"
"ME","12","Nikšic´","Municipality"
"ME","13","Plav","Municipality"
"ME","14","Pljevlja","Municipality"
"ME","15","Plužine","Municipality"
"ME","16","Podgorica","Municipality"
"ME","17","Rožaje","Municipality"
"ME","18","Šavnik","Municipality"
"ME","19","Tivat","Municipality"
"ME","20","Ulcinj","Municipality"
"ME","21","Žabljak","Municipality"
"ME","22","Gusinje","Municipality"
"ME","23","Petnjica","Municipality"
"MG","A","Toamasina","Province"
"MG","D","Antsiranana","Province"
"MG","F","Fianarantsoa","Province"
"MG","M","Mahajanga","Province"
"MG","T","Antananarivo","Province"
"MG","U","Toliara","Province"
"MH","ALK","Ailuk","Municipality"
"MH","ALL","Ailinglapalap","Municipality"
"MH","ARN","Arno","Municipality"
"MH","AUR","Aur","Municipality"
"MH","EBO","Ebon","Municipality"
"MH","ENI","Enewetak and Ujelang","Municipality"
"MH","JAB","Jabat","Municipality"
"MH","JAL","Jaluit","Municipality"
"MH","KIL","Bikini and Kili","Municipality"
"MH","KWA","Kwajalein","Municipality"
"MH","L","Ralik chain","Chains (of islands)"
"MH","LAE","Lae","Municipality"
"MH","LIB","Lib","Municipality"
"MH","LIK","Likiep","Municipality"
"MH","MAJ","Majuro","Municipality"
"MH","MAL","Maloelap","Municipality"
"MH","MEJ","Mejit","Municipality"
"MH","MIL","Mili","Municipality"
"MH","NMK","Namdrik","Municipality"
"MH","NMU","Namu","Municipality"
"MH","RON","Rongelap","Municipality"
"MH","T","Ratak chain","Chains (of islands)"
"MH","UJA","Ujae","Municipality"
"MH","UTI","Utrik","Municipality"
"MH","WTH","Wotho","Municipality"
"MH","WTJ","Wotje","Municipality"
"MK","02","Aracinovo","Municipality"
"MK","03","Berovo","Municipality"
"MK","04","Bitola","Municipality"
"MK","05","Bogdanci","Municipality"
"MK","06","Bogovinje","Municipality"
"MK","07","Bosilovo","Municipality"
"MK","08","Brvenica","Municipality"
"MK","10","Valandovo","Municipality"
"MK","11","Vasilevo","Municipality"
"MK","12","Vevcani","Municipality"
"MK","13","Veles","Municipality"
"MK","14","Vinica","Municipality"
"MK","16","Vrapcište","Municipality"
"MK","18","Gevgelija","Municipality"
"MK","19","Gostivar","Municipality"
"MK","20","Gradsko","Municipality"
"MK","21","Debar","Municipality"
"MK","22","Debarca","Municipality"
"MK","23","Delcevo","Municipality"
"MK","24","Demir Kapija","Municipality"
"MK","25","Demir Hisar","Municipality"
"MK","26","Dojran","Municipality"
"MK","27","Dolneni","Municipality"
"MK","30","Želino","Municipality"
"MK","32","Zelenikovo","Municipality"
"MK","33","Zrnovci","Municipality"
"MK","34","Ilinden","Municipality"
"MK","35","Jegunovce","Municipality"
"MK","36","Kavadarci","Municipality"
"MK","37","Karbinci","Municipality"
"MK","40","Kicevo","Municipality"
"MK","41","Konce","Municipality"
"MK","42","Kocani","Municipality"
"MK","43","Kratovo","Municipality"
"MK","44","Kriva Palanka","Municipality"
"MK","45","Krivogaštani","Municipality"
"MK","46","Kruševo","Municipality"
"MK","47","Kumanovo","Municipality"
"MK","48","Lipkovo","Municipality"
"MK","49","Lozovo","Municipality"
"MK","50","Mavrovo-i-Rostuša","Municipality"
"MK","51","Makedonska Kamenica","Municipality"
"MK","52","Makedonski Brod","Municipality"
"MK","53","Mogila","Municipality"
"MK","54","Negotino","Municipality"
"MK","55","Novaci","Municipality"
"MK","56","Novo Selo","Municipality"
"MK","58","Ohrid","Municipality"
"MK","59","Petrovec","Municipality"
"MK","60","Pehcevo","Municipality"
"MK","61","Plasnica","Municipality"
"MK","62","Prilep","Municipality"
"MK","63","Probištip","Municipality"
"MK","64","Radoviš","Municipality"
"MK","65","Rankovce","Municipality"
"MK","66","Resen","Municipality"
"MK","67","Rosoman","Municipality"
"MK","69","Sveti Nikole","Municipality"
"MK","70","Sopište","Municipality"
"MK","71","Staro Nagoricane","Municipality"
"MK","72","Struga","Municipality"
"MK","73","Strumica","Municipality"
"MK","74","Studenicani","Municipality"
"MK","75","Tearce","Municipality"
"MK","76","Tetovo","Municipality"
"MK","78","Centar Župa","Municipality"
"MK","80","Caška","Municipality"
"MK","81","Cešinovo-Obleševo","Municipality"
"MK","82","Cucer Sandevo","Municipality"
"MK","83","Štip","Municipality"
"MK","85","Skopje","municipality"
"ML","1","Kayes","Region"
"ML","2","Koulikoro","Region"
"ML","3","Sikasso","Region"
"ML","4","Ségou","Region"
"ML","5","Mopti","Region"
"ML","6","Tombouctou","Region"
"ML","7","Gao","Region"
"ML","8","Kidal","Region"
"ML","BKO","Bamako","District"
"MM","01","Sagaing","Region"
"MM","02","Bago","Region"
"MM","03","Magway","Region"
"MM","04","Mandalay","Region"
"MM","05","Taninthayi","Region"
"MM","06","Yangon","Region"
"MM","07","Ayeyawady","Region"
"MM","11","Kachin","State"
"MM","12","Kayah","State"
"MM","13","Kayin","State"
"MM","14","Chin","State"
"MM","15","Mon","State"
"MM","16","Rakhine","State"
"MM","17","Shan","State"
"MM","18","Nay Pyi Taw","Union territory"
"MN","035","Orhon","Province"
"MN","037","Darhan uul","Province"
"MN","039","Hentiy","Province"
"MN","041","Hövagöl","Province"
"MN","043","Hovd","Province"
"MN","046","Uvs","Province"
"MN","047","Töv","Province"
"MN","049","Selenge","Province"
"MN","051","Sühbaatar","Province"
"MN","053","Ömnögovi","Province"
"MN","055","Övörhangay","Province"
"MN","057","Dzavhan","Province"
"MN","059","Dundgovi","Province"
"MN","061","Dornod","Province"
"MN","063","Dornogovi","Province"
"MN","064","Govi-Sümber","Province"
"MN","065","Govi-Altay","Province"
"MN","067","Bulgan","Province"
"MN","069","Bayanhongor","Province"
"MN","071","Bayan-Ölgiy","Province"
"MN","073","Arhangay","Province"
"MN","1","Ulaanbaatar","Capital city"
"MR","01","Hodh ech Chargui","Region"
"MR","02","Hodh el Gharbi","Region"
"MR","03","Assaba","Region"
"MR","04","Gorgol","Region"
"MR","05","Brakna","Region"
"MR","06","Trarza","Region"
"MR","07","Adrar","Region"
"MR","08","Dakhlet Nouâdhibou","Region"
"MR","09","Tagant","Region"
"MR","10","Guidimaka","Region"
"MR","11","Tiris Zemmour","Region"
"MR","12","Inchiri","Region"
"MR","13","Nouakchott Ouest","region"
"MR","14","Nouakchott Nord","region"
"MR","15","Nouakchott Sud","region"
"MT","01","Attard","Local council"
"MT","02","Balzan","Local council"
"MT","03","Birgu","Local council"
"MT","04","Birkirkara","Local council"
"MT","05","Birzebbuga","Local council"
"MT","06","Bormla","Local council"
"MT","07","Dingli","Local council"
"MT","08","Fgura","Local council"
"MT","09","Floriana","Local council"
"MT","10","Fontana","Local council"
"MT","11","Gudja","Local council"
"MT","12","Gzira","Local council"
"MT","13","Ghajnsielem","Local council"
"MT","14","Gharb","Local council"
"MT","15","Gharghur","Local council"
"MT","16","Ghasri","Local council"
"MT","17","Ghaxaq","Local council"
"MT","18","Hamrun","Local council"
"MT","19","Iklin","Local council"
"MT","20","Isla","Local council"
"MT","21","Kalkara","Local council"
"MT","22","Kercem","Local council"
"MT","23","Kirkop","Local council"
"MT","24","Lija","Local council"
"MT","25","Luqa","Local council"
"MT","26","Marsa","Local council"
"MT","27","Marsaskala","Local council"
"MT","28","Marsaxlokk","Local council"
"MT","29","Mdina","Local council"
"MT","30","Mellieha","Local council"
"MT","31","Mgarr","Local council"
"MT","32","Mosta","Local council"
"MT","33","Mqabba","Local council"
"MT","34","Msida","Local council"
"MT","35","Mtarfa","Local council"
"MT","36","Munxar","Local council"
"MT","37","Nadur","Local council"
"MT","38","Naxxar","Local council"
"MT","39","Paola","Local council"
"MT","40","Pembroke","Local council"
"MT","41","Pietà","Local council"
"MT","42","Qala","Local council"
"MT","43","Qormi","Local council"
"MT","44","Qrendi","Local council"
"MT","45","Rabat Gozo","Local council"
"MT","46","Rabat Malta","Local council"
"MT","47","Safi","Local council"
"MT","48","Saint Julian's","Local council"
"MT","49","Saint John","Local council"
"MT","50","Saint Lawrence","Local council"
"MT","51","Saint Paul's Bay","Local council"
"MT","52","Sannat","Local council"
"MT","53","Saint Lucia's","Local council"
"MT","54","Santa Venera","Local council"
"MT","55","Siggiewi","Local council"
"MT","56","Sliema","Local council"
"MT","57","Swieqi","Local council"
"MT","58","Ta' Xbiex","Local council"
"MT","59","Tarxien","Local council"
"MT","60","Valletta","Local council"
"MT","61","Xaghra","Local council"
"MT","62","Xewkija","Local council"
"MT","63","Xghajra","Local council"
"MT","64","Zabbar","Local council"
"MT","65","Zebbug Gozo","Local council"
"MT","66","Zebbug Malta","Local council"
"MT","67","Zejtun","Local council"
"MT","68","Zurrieq","Local council"
"MU","AG","Agalega Islands","Dependency"
"MU","BL","Black River","District"
"MU","BR","Beau Bassin-Rose Hill","City"
"MU","CC","Cargados Carajos Shoals [Saint Brandon Islands]","Dependency"
"MU","CU","Curepipe","City"
"MU","FL","Flacq","District"
"MU","GP","Grand Port","District"
"MU","MO","Moka","District"
"MU","PA","Pamplemousses","District"
"MU","PL","Port Louis","District"
"MU","PU","Port Louis","City"
"MU","PW","Plaines wilhems","District"
"MU","QB","Quatre Bornes","City"
"MU","RO","Rodrigues Island","Dependency"
"MU","RR","Rivière du Rempart","District"
"MU","SA","Savanne","District"
"MU","VP","Vacoas-Phoenix","City"
"MV","00","Alifu Dhaalu","Administrative atoll"
"MV","01","Seenu","Administrative atoll"
"MV","02","Alifu Alifu","Administrative atoll"
"MV","03","Lhaviyani","Administrative atoll"
"MV","04","Vaavu","Administrative atoll"
"MV","05","Laamu","Administrative atoll"
"MV","07","Haa Alif","Administrative atoll"
"MV","08","Thaa","Administrative atoll"
"MV","12","Meemu","Administrative atoll"
"MV","13","Raa","Administrative atoll"
"MV","14","Faafu","Administrative atoll"
"MV","17","Dhaalu","Administrative atoll"
"MV","20","Baa","Administrative atoll"
"MV","23","Haa Dhaalu","Administrative atoll"
"MV","24","Shaviyani","Administrative atoll"
"MV","25","Noonu","Administrative atoll"
"MV","26","Kaafu","Administrative atoll"
"MV","27","Gaafu Alifu","Administrative atoll"
"MV","28","Gaafu Dhaalu","Administrative atoll"
"MV","29","Gnaviyani","Administrative atoll"
"MV","CE","Medhu","Province"
"MV","MLE","Male","Capital"
"MV","NC","Medhu-Uthuru","Province"
"MV","NO","Uthuru","Province"
"MV","SC","Medhu-Dhekunu","Province"
"MV","SU","Dhekunu","Province"
"MV","UN","Mathi-Uthuru","Province"
"MV","US","Mathi-Dhekunu","Province"
"MW","BA","Balaka","District"
"MW","BL","Blantyre","District"
"MW","C","Central","Region"
"MW","CK","Chikwawa","District"
"MW","CR","Chiradzulu","District"
"MW","CT","Chitipa","District"
"MW","DE","Dedza","District"
"MW","DO","Dowa","District"
"MW","KR","Karonga","District"
"MW","KS","Kasungu","District"
"MW","LI","Lilongwe","District"
"MW","LK","Likoma","District"
"MW","MC","Mchinji","District"
"MW","MG","Mangochi","District"
"MW","MH","Machinga","District"
"MW","MU","Mulanje","District"
"MW","MW","Mwanza","District"
"MW","MZ","Mzimba","District"
"MW","N","Northern","Region"
"MW","NB","Nkhata Bay","District"
"MW","NE","Neno","District"
"MW","NI","Ntchisi","District"
"MW","NK","Nkhotakota","District"
"MW","NS","Nsanje","District"
"MW","NU","Ntcheu","District"
"MW","PH","Phalombe","District"
"MW","RU","Rumphi","District"
"MW","S","Southern","Region"
"MW","SA","Salima","District"
"MW","TH","Thyolo","District"
"MW","ZO","Zomba","District"
"MX","AGU","Aguascalientes","State"
"MX","BCN","Baja California","State"
"MX","BCS","Baja California Sur","State"
"MX","CAM","Campeche","State"
"MX","CHH","Chihuahua","State"
"MX","CHP","Chiapas","State"
"MX","COA","Coahuila","State"
"MX","COL","Colima","State"
"MX","DIF","Distrito Federal","Federal District"
"MX","DUR","Durango","State"
"MX","GRO","Guerrero","State"
"MX","GUA","Guanajuato","State"
"MX","HID","Hidalgo","State"
"MX","JAL","Jalisco","State"
"MX","MEX","México","State"
"MX","MIC","Michoacán","State"
"MX","MOR","Morelos","State"
"MX","NAY","Nayarit","State"
"MX","NLE","Nuevo León","State"
"MX","OAX","Oaxaca","State"
"MX","PUE","Puebla","State"
"MX","QUE","Querétaro","State"
"MX","ROO","Quintana Roo","State"
"MX","SIN","Sinaloa","State"
"MX","SLP","San Luis Potosí","State"
"MX","SON","Sonora","State"
"MX","TAB","Tabasco","State"
"MX","TAM","Tamaulipas","State"
"MX","TLA","Tlaxcala","State"
"MX","VER","Veracruz","State"
"MX","YUC","Yucatán","State"
"MX","ZAC","Zacatecas","State"
"MY","01","Johor","State"
"MY","02","Kedah","State"
"MY","03","Kelantan","State"
"MY","04","Melaka","State"
"MY","05","Negeri Sembilan","State"
"MY","06","Pahang","State"
"MY","07","Pulau Pinang","State"
"MY","08","Perak","State"
"MY","09","Perlis","State"
"MY","10","Selangor","State"
"MY","11","Terengganu","State"
"MY","12","Sabah","State"
"MY","13","Sarawak","State"
"MY","14","Wilayah Persekutuan Kuala Lumpur","Federal territory"
"MY","15","Wilayah Persekutuan Labuan","Federal territory"
"MY","16","Wilayah Persekutuan Putrajaya","Federal territory"
"MZ","A","Niaosa","Province"
"MZ","B","Manica","Province"
"MZ","G","Gaza","Province"
"MZ","I","Inhambane","Province"
"MZ","L","Maputo","Province"
"MZ","MPM","Maputo","City"
"MZ","N","Nampula","Province"
"MZ","P","Cabo Delgado","Province"
"MZ","Q","Zambézia","Province"
"MZ","S","Sofala","Province"
"MZ","T","Tete","Province"
"NA","CA","Zambezi","Region"
"NA","ER","Erongo","Region"
"NA","HA","Hardap","Region"
"NA","KA","Karas","Region"
"NA","KE","Kavango East","Region"
"NA","KH","Khomas","Region"
"NA","KU","Kunene","Region"
"NA","KW","Kavango West",
"NA","OD","Otjozondjupa","Region"
"NA","OH","Omaheke","Region"
"NA","ON","Oshana","Region"
"NA","OS","Omusati","Region"
"NA","OT","Oshikoto","Region"
"NA","OW","Ohangwena","Region"
"NE","1","Agadez","Region"
"NE","2","Diffa","Region"
"NE","3","Dosso","Region"
"NE","4","Maradi","Region"
"NE","5","Tahoua","Region"
"NE","6","Tillabéri","Region"
"NE","7","Zinder","Region"
"NE","8","Niamey","Urban community"
"NG","AB","Abia","State"
"NG","AD","Adamawa","State"
"NG","AK","Akwa Ibom","State"
"NG","AN","Anambra","State"
"NG","BA","Bauchi","State"
"NG","BE","Benue","State"
"NG","BO","Borno","State"
"NG","BY","Bayelsa","State"
"NG","CR","Cross River","State"
"NG","DE","Delta","State"
"NG","EB","Ebonyi","State"
"NG","ED","Edo","State"
"NG","EK","Ekiti","State"
"NG","EN","Enugu","State"
"NG","FC","Abuja Capital Territory","Capital territory"
"NG","GO","Gombe","State"
"NG","IM","Imo","State"
"NG","JI","Jigawa","State"
"NG","KD","Kaduna","State"
"NG","KE","Kebbi","State"
"NG","KN","Kano","State"
"NG","KO","Kogi","State"
"NG","KT","Katsina","State"
"NG","KW","Kwara","State"
"NG","LA","Lagos","State"
"NG","NA","Nasarawa","State"
"NG","NI","Niger","State"
"NG","OG","Ogun","State"
"NG","ON","Ondo","State"
"NG","OS","Osun","State"
"NG","OY","Oyo","State"
"NG","PL","Plateau","State"
"NG","RI","Rivers","State"
"NG","SO","Sokoto","State"
"NG","TA","Taraba","State"
"NG","YO","Yobe","State"
"NG","ZA","Zamfara","State"
"NI","AN","Atlántico Norte","Autonomous region"
"NI","AS","Atlántico Sur","Autonomous region"
"NI","BO","Boaco","Department"
"NI","CA","Carazo","Department"
"NI","CI","Chinandega","Department"
"NI","CO","Chontales","Department"
"NI","ES","Estelí","Department"
"NI","GR","Granada","Department"
"NI","JI","Jinotega","Department"
"NI","LE","León","Department"
"NI","MD","Madriz","Department"
"NI","MN","Managua","Department"
"NI","MS","Masaya","Department"
"NI","MT","Matagalpa","Department"
"NI","NS","Nueva Segovia","Department"
"NI","RI","Rivas","Department"
"NI","SJ","Río San Juan","Department"
"NL","DR","Drenthe","Province"
"NL","FL","Flevoland","Province"
"NL","FR","Fryslân","Province"
"NL","GE","Gelderland","Province"
"NL","GR","Groningen","Province"
"NL","LI","Limburg","Province"
"NL","NB","Noord-Brabant","Province"
"NL","NH","Noord-Holland","Province"
"NL","OV","Overijssel","Province"
"NL","UT","Utrecht","Province"
"NL","ZE","Zeeland","Province"
"NL","ZH","Zuid-Holland","Province"
"NO","01","Østfold","County"
"NO","02","Akershus","County"
"NO","03","Oslo","County"
"NO","04","Hedmark","County"
"NO","05","Oppland","County"
"NO","06","Buskerud","County"
"NO","07","Vestfold","County"
"NO","08","Telemark","County"
"NO","09","Aust-Agder","County"
"NO","10","Vest-Agder","County"
"NO","11","Rogaland","County"
"NO","12","Hordaland","County"
"NO","14","Sogn og Fjordane","County"
"NO","15","Møre og Romsdal","County"
"NO","16","Sør-Trøndelag","County"
"NO","17","Nord-Trøndelag","County"
"NO","18","Nordland","County"
"NO","19","Troms","County"
"NO","20","Finnmark","County"
"NO","21","Svalbard (Arctic Region) (See
also country code SJ)","Arctic region"
"NO","22","Jan Mayen (Arctic Region) (See
also country code SJ)","Arctic region"
"NP","BA","Bagmati","Zone"
"NP","BH","Bheri","Zone"
"NP","DH","Dhawalagiri","Zone"
"NP","GA","Gandaki","Zone"
"NP","JA","Janakpur","Zone"
"NP","KA","Karnali","Zone"
"NP","KO","Kosi [Koshi]","Zone"
"NP","LU","Lumbini","Zone"
"NP","MA","Mahakali","Zone"
"NP","ME","Mechi","Zone"
"NP","NA","Narayani","Zone"
"NP","RA","Rapti","Zone"
"NP","SA","Sagarmatha","Zone"
"NP","SE","Seti","Zone"
"NR","01","Aiwo","District"
"NR","02","Anabar","District"
"NR","03","Anetan","District"
"NR","04","Anibare","District"
"NR","05","Baiti","District"
"NR","06","Boe","District"
"NR","07","Buada","District"
"NR","08","Denigomodu","District"
"NR","09","Ewa","District"
"NR","10","Ijuw","District"
"NR","11","Meneng","District"
"NR","12","Nibok","District"
"NR","13","Uaboe","District"
"NR","14","Yaren","District"
"NZ","AUK","Auckland","region"
"NZ","BOP","Bay of Plenty","Region"
"NZ","CAN","Canterbury","Region"
"NZ","CIT","Chatham Islands Territory","Special Island Authorithy"
"NZ","GIS","Gisborne","region"
"NZ","HKB","Hawkes's Bay","Region"
"NZ","MBH","Marlborough","region"
"NZ","MWT","Manawatu-Wanganui","Region"
"NZ","NSN","	Nelson","region"
"NZ","NTL","Northland","Region"
"NZ","OTA","Otago","Region"
"NZ","STL","Southland","Region"
"NZ","TAS","	Tasman","Region"
"NZ","TKI","Taranaki","Region"
"NZ","WGN","Wellington","Region"
"NZ","WKO","Waikato","Region"
"NZ","WTC","West Coast","Region"
"OM","BJ","Janub al Batinah","governorate"
"OM","BS","Shamal al Batinah","governorate"
"OM","BU","Al Buraymi","governorate"
"OM","DA","Ad Dakhiliyah","governorate"
"OM","MA","Masqat","governorate"
"OM","MU","Musandam","governorate"
"OM","SJ","Janub ash Sharqiyah","governorate"
"OM","SS","Shamal ash Sharqiyah","governorate"
"OM","WU","AI Wusta","governorate"
"OM","ZA","Az Zahirah","Region"
"OM","ZU","Z¸ufar","governorate"
"PA","1","Bocas del Toro","Province"
"PA","10","Panamá Oeste","Province"
"PA","2","Coclé","Province"
"PA","3","Colón","Province"
"PA","4","Chiriquí","Province"
"PA","5","Darién","Province"
"PA","6","Herrera","Province"
"PA","7","Los Santos","Province"
"PA","8","Panamá","Province"
"PA","9","Veraguas","Province"
"PA","EM","Emberá","indigenous region"
"PA","KY","Kuna Yala","indigenous region"
"PA","NB","Ngöbe-Buglé","indigenous region"
"PE","AMA","Amazonas","Region"
"PE","ANC","Ancash","Region"
"PE","APU","Apurímac","Region"
"PE","ARE","Arequipa","Region"
"PE","AYA","Ayacucho","Region"
"PE","CAJ","Cajamarca","Region"
"PE","CAL","El Callao","Region"
"PE","CUS","Cuzco [Cusco]","Region"
"PE","HUC","Huánuco","Region"
"PE","HUV","Huancavelica","Region"
"PE","ICA","Ica","Region"
"PE","JUN","Junín","Region"
"PE","LAL","La Libertad","Region"
"PE","LAM","Lambayeque","Region"
"PE","LIM","Lima","Region"
"PE","LMA","Lima hatun llaqta","Municipality"
"PE","LOR","Loreto","Region"
"PE","MDD","Madre de Dios","Region"
"PE","MOQ","Moquegua","Region"
"PE","PAS","Pasco","Region"
"PE","PIU","Piura","Region"
"PE","PUN","Puno","Region"
"PE","SAM","San Martín","Region"
"PE","TAC","Tacna","Region"
"PE","TUM","Tumbes","Region"
"PE","UCA","Ucayali","Region"
"PG","CPK","Chimbu","Province"
"PG","CPM","Central","Province"
"PG","EBR","East New Britain","Province"
"PG","EHG","Eastern Highlands","Province"
"PG","EPW","Enga","Province"
"PG","ESW","East Sepik","Province"
"PG","GPK","Gulf","Province"
"PG","HLA","Hela","Province"
"PG","JWK","Jiwaka","Province"
"PG","MBA","Milne Bay","Province"
"PG","MPL","Morobe","Province"
"PG","MPM","Madang","Province"
"PG","MRL","Manus","Province"
"PG","NCD","National Capital District (Port Moresby)","District"
"PG","NIK","New Ireland","Province"
"PG","NPP","Northern","Province"
"PG","NSB","Bougainville","autonomous region"
"PG","SAN","West Sepik","Province"
"PG","SHM","Southern Highlands","Province"
"PG","WBK","West New Britain","Province"
"PG","WHM","Western Highlands","Province"
"PG","WPD","Western","Province"
"PH","00","National Capital Région (Manila)","Region"
"PH","ABR","Abra","Province"
"PH","AGN","Agusan del Norte","Province"
"PH","AGS","Agusan del Sur","Province"
"PH","AKL","Aklan","Province"
"PH","ALB","Albay","Province"
"PH","ANT","Antique","Province"
"PH","APA","Apayao","Province"
"PH","AUR","Aurora","Province"
"PH","BAN","Bataan","Province"
"PH","BAS","Basilan","Province"
"PH","BEN","Benguet","Province"
"PH","BIL","Biliran","Province"
"PH","BOH","Bohol","Province"
"PH","BTG","Batangas","Province"
"PH","BTN","Batanes","Province"
"PH","BUK","Bukidnon","Province"
"PH","BUL","Bulacan","Province"
"PH","CAG","Cagayan","Province"
"PH","CAM","Camiguin","Province"
"PH","CAN","Camarines Norte","Province"
"PH","CAP","Capiz","Province"
"PH","CAS","Camarines Sur","Province"
"PH","CAT","Catanduanes","Province"
"PH","CAV","Cavite","Province"
"PH","CEB","Cebu","Province"
"PH","COM","Compostela Valley","Province"
"PH","DAO","Davao Oriental","Province"
"PH","DAS","Davao del Sur","Province"
"PH","DAV","Davao del Norte","Province"
"PH","DIN","Dinagat Islands","Province"
"PH","DVO","Kanlurang Dabaw","province"
"PH","EAS","Eastern Samar","Province"
"PH","GUI","Guimaras","Province"
"PH","IFU","Ifugao","Province"
"PH","ILI","Iloilo","Province"
"PH","ILN","Ilocos Norte","Province"
"PH","ILS","Ilocos Sur","Province"
"PH","ISA","Isabela","Province"
"PH","KAL","Kalinga-Apayao","Province"
"PH","LAG","Laguna","Province"
"PH","LAN","Lanao del Norte","Province"
"PH","LAS","Lanao del Sur","Province"
"PH","LEY","Leyte","Province"
"PH","LUN","La Union","Province"
"PH","MAG","Maguindanao","Province"
"PH","MAS","Masbate","Province"
"PH","MDC","Mindoro Occidental","Province"
"PH","MDR","Mindoro Oriental","Province"
"PH","MOU","Mountain Province","Province"
"PH","MSC","Misamis Occidental","Province"
"PH","MSR","Misamis Oriental","Province"
"PH","NCO","Kotabato","Province"
"PH","NEC","Negros occidental","Province"
"PH","NER","Negros oriental","Province"
"PH","NSA","Northern Samar","Province"
"PH","NUE","Nueva Ecija","Province"
"PH","NUV","Nueva Vizcaya","Province"
"PH","PAM","Pampanga","Province"
"PH","PAN","Pangasinan","Province"
"PH","PLW","Palawan","Province"
"PH","QUE","Quezon","Province"
"PH","QUI","Quirino","Province"
"PH","RIZ","Rizal","Province"
"PH","ROM","Romblon","Province"
"PH","SAR","Sarangani","Province"
"PH","SCO","South Cotabato","Province"
"PH","SIG","Siquijor","Province"
"PH","SLE","Southern Leyte","Province"
"PH","SLU","Sulu","Province"
"PH","SOR","Sorsogon","Province"
"PH","SUK","Sultan Kudarat","Province"
"PH","SUN","Surigao del Norte","Province"
"PH","SUR","Surigao del Sur","Province"
"PH","TAR","Tarlac","Province"
"PH","TAW","Tawi-Tawi","Province"
"PH","WSA","Western Samar","Province"
"PH","ZAN","Zamboanga del Norte","Province"
"PH","ZAS","Zamboanga del Sur","Province"
"PH","ZMB","Zambales","Province"
"PH","ZSI","Zamboanga Sibuguey [Zamboanga Sibugay]","Province"
"PK","BA","Balochistan","Province"
"PK","GB","Gilgit-Baltistan","Pakistan administrered area"
"PK","IS","Islamabad","Federal capital territory"
"PK","JK","Azad Kashmir","Pakistan administrered area"
"PK","KP","Khyber Pakhtunkhwa","Province"
"PK","PB","Punjab","Province"
"PK","SD","Sindh","Province"
"PK","TA","Federally Administered Tribal Areas","Territory"
"PL","DS","Dolnoslaskie","Province"
"PL","KP","Kujawsko-pomorskie","Province"
"PL","LB","Lubuskie","Province"
"PL","LD","Lódzkie","Province"
"PL","LU","Lubelskie","Province"
"PL","MA","Malopolskie","Province"
"PL","MZ","Mazowieckie","Province"
"PL","OP","Opolskie","Province"
"PL","PD","Podlaskie","Province"
"PL","PK","Podkarpackie","Province"
"PL","PM","Pomorskie","Province"
"PL","SK","Swietokrzyskie","Province"
"PL","SL","Slaskie","Province"
"PL","WN","Warminsko-mazurskie","Province"
"PL","WP","Wielkopolskie","Province"
"PL","ZP","Zachodniopomorskie","Province"
"PS","BTH","Bethlehem","Governorate"
"PS","DEB","Deir El Balah","Governorate"
"PS","GZA","Gaza","Governorate"
"PS","HBN","Hebron","Governorate"
"PS","JEM","Jerusalem","Governorate"
"PS","JRH","	Jericho and Al Aghwar","Governorate"
"PS","KYS","Khan Yunis","Governorate"
"PS","NBS","Nablus","Governorate"
"PS","NGZ","North Gaza","Governorate"
"PS","QQA","Qalqilya","Governorate"
"PS","RBH","Ramallah","Governorate"
"PS","RFH","Rafah","Governorate"
"PS","SLT","Salfit","Governorate"
"PS","TBS","Tubas","Governorate"
"PS","TKM","Tulkarm","Governorate"
"PT","01","Aveiro","District"
"PT","02","Beja","District"
"PT","03","Braga","District"
"PT","04","Bragança","District"
"PT","05","Castelo Branco","District"
"PT","06","Coimbra","District"
"PT","07","Évora","District"
"PT","08","Faro","District"
"PT","09","Guarda","District"
"PT","10","Leiria","District"
"PT","11","Lisboa","District"
"PT","12","Portalegre","District"
"PT","13","Porto","District"
"PT","14","Santarém","District"
"PT","15","Setúbal","District"
"PT","16","Viana do Castelo","District"
"PT","17","Vila Real","District"
"PT","18","Viseu","District"
"PT","20","Região Autónoma dos Açores","Autonomous region"
"PT","30","Região Autónoma da Madeira","Autonomous region"
"PW","002","Aimeliik    ","State"
"PW","004","Airai       ","State"
"PW","010","Angaur      ","State"
"PW","050","Hatobohei   ","State"
"PW","100","Kayangel    ","State"
"PW","150","Koror       ","State"
"PW","212","Melekeok    ","State"
"PW","214","Ngaraard    ","State"
"PW","218","Ngarchelong ","State"
"PW","222","Ngardmau    ","State"
"PW","224","Ngatpang    ","State"
"PW","226","Ngchesar    ","State"
"PW","227","Ngeremlengui","State"
"PW","228","Ngiwal      ","State"
"PW","350","Peleliu     ","State"
"PW","370","Sonsorol    ","State"
"PY","1","Concepción","Department"
"PY","10","Alto Paraná","Department"
"PY","11","Central","Department"
"PY","12","Ñeembucú","Department"
"PY","13","Amambay","Department"
"PY","14","Canindeyú","Department"
"PY","15","Presidente Hayes","Department"
"PY","16","Alto Paraguay","Department"
"PY","19","Boquerón","Department"
"PY","2","San Pedro","Department"
"PY","3","Cordillera","Department"
"PY","4","Guairá","Department"
"PY","5","Caaguazú","Department"
"PY","6","Caazapá","Department"
"PY","7","Itapúa","Department"
"PY","8","Misiones","Department"
"PY","9","Paraguarí","Department"
"PY","ASU","Asunción","Capital"
"QA","DA","Ad Dawhah","Municipality"
"QA","KH","Al Khawr wa adh Dhakhirah","Municipality"
"QA","MS","Ash Shamal","Municipality"
"QA","RA","Ar Rayyan","Municipality"
"QA","US","Umm Salal","Municipality"
"QA","WA","Al Wakrah","Municipality"
"QA","ZA","Az¸ Z¸a‘ayin","Municipality"
"RO","AB","Alba","Departments"
"RO","AG","Arges","Departments"
"RO","AR","Arad","Departments"
"RO","B","Bucuresti","Municipality"
"RO","BC","Bacau","Departments"
"RO","BH","Bihor","Departments"
"RO","BN","Bistrita-Nasaud","Departments"
"RO","BR","Braila","Departments"
"RO","BT","Botosani","Departments"
"RO","BV","Brasov","Departments"
"RO","BZ","Buzau","Departments"
"RO","CJ","Cluj","Departments"
"RO","CL","Calarasi","Departments"
"RO","CS","Caras-Severin","Departments"
"RO","CT","Constarta","Departments"
"RO","CV","Covasna","Departments"
"RO","DB","Dâmbovita","Departments"
"RO","DJ","Dolj","Departments"
"RO","GJ","Gorj","Departments"
"RO","GL","Galati","Departments"
"RO","GR","Giurgiu","Departments"
"RO","HD","Hunedoara","Departments"
"RO","HR","Harghita","Departments"
"RO","IF","Ilfov","Departments"
"RO","IL","Ialomita","Departments"
"RO","IS","Iasi","Departments"
"RO","MH","Mehedinti","Departments"
"RO","MM","Maramures","Departments"
"RO","MS","Mures","Departments"
"RO","NT","Neamt","Departments"
"RO","OT","Olt","Departments"
"RO","PH","Prahova","Departments"
"RO","SB","Sibiu","Departments"
"RO","SJ","Salaj","Departments"
"RO","SM","Satu Mare","Departments"
"RO","SV","Suceava","Departments"
"RO","TL","Tulcea","Departments"
"RO","TM","Timis","Departments"
"RO","TR","Teleorman","Departments"
"RO","VL","Vâlcea","Departments"
"RO","VN","Vrancea","Departments"
"RO","VS","Vaslui","Departments"
"RS","00","Beograd","City"
"RS","01","Severnobacki okrug","District"
"RS","02","Srednjebanatski okrug","District"
"RS","03","Severnobanatski okrug","District"
"RS","04","Južnobanatski okrug","District"
"RS","05","Zapadnobacki okrug","District"
"RS","06","Južnobacki okrug","District"
"RS","07","Sremski okrug","District"
"RS","08","Macvanski okrug","District"
"RS","09","Kolubarski okrug","District"
"RS","10","Podunavski okrug","District"
"RS","11","Branicevski okrug","District"
"RS","12","Šumadijski okrug","District"
"RS","13","Pomoravski okrug","District"
"RS","14","Borski okrug","District"
"RS","15","Zajecarski okrug","District"
"RS","16","Zlatiborski okrug","District"
"RS","17","Moravicki okrug","District"
"RS","18","Raški okrug","District"
"RS","19","Rasinski okrug","District"
"RS","20","Nišavski okrug","District"
"RS","21","Toplicki okrug","District"
"RS","22","Pirotski okrug","District"
"RS","23","Jablanicki okrug","District"
"RS","24","Pcinjski okrug","District"
"RS","25","Kosovski okrug","District"
"RS","26","Pecki okrug","District"
"RS","27","Prizrenski okrug","District"
"RS","28","Kosovsko-Mitrovacki okrug","District"
"RS","29","Kosovsko-Pomoravski okrug","District"
"RS","KM","Kosovo-Metohija","Autonomous province"
"RS","VO","Vojvodina","Autonomous province"
"RU","AD","Adygeya, Respublika","Republic"
"RU","AL","Altay, Respublika","Republic"
"RU","ALT","Altayskiy kray","Administrative territory"
"RU","AMU","Amurskaya oblast'","Administrative region"
"RU","ARK","Arkhangel'skaya oblast,","Administrative region"
"RU","AST","Astrakhanskaya oblast'","Administrative region"
"RU","BA","Bashkortostan, Respublika","Republic"
"RU","BEL","Belgorodskaya oblast'","Administrative region"
"RU","BRY","Bryanskaya oblast'","Administrative region"
"RU","BU","Buryatiya, Respublika","Republic"
"RU","CE","Chechenskaya Respublika","Republic"
"RU","CHE","Chelyabinskaya oblast'","Administrative region"
"RU","CHU","Chukotskiy avtonomnyy okrug","Autonomous district"
"RU","CU","Chuvashskaya Respublika","Republic"
"RU","DA","Dagestan, Respublika","Republic"
"RU","IN","Ingushskaya Respublika [Respublika Ingushetiya]","Republic"
"RU","IRK","Irkutskaya oblast'","Administrative region"
"RU","IVA","Ivanovskaya oblast'","Administrative region"
"RU","KAM","Kamchatskaya oblast'","Administrative region"
"RU","KB","Kabardino-Balkarskaya Respublika","Republic"
"RU","KC","Karachayevo-Cherkesskaya Respublika","Republic"
"RU","KDA","Krasnodarskiy kray","Administrative territory"
"RU","KEM","Kemerovskaya oblast'","Administrative region"
"RU","KGD","Kaliningradskaya oblast,","Administrative region"
"RU","KGN","Kurganskaya oblast'","Administrative region"
"RU","KHA","Khabarovskiy kray","Administrative territory"
"RU","KHM","Khanty-Mansiyskiy avtonomnyy okrug","Autonomous district"
"RU","KIR","Kirovskaya oblast'","Administrative region"
"RU","KK","Khakasiya, Respublika","Republic"
"RU","KL","Kalmykiya, Respublika","Republic"
"RU","KLU","Kaluzhskaya oblast'","Administrative region"
"RU","KO","Komi, Respublika","Republic"
"RU","KOS","Kostromskaya oblast'","Administrative region"
"RU","KR","Kareliya, Respublika","Republic"
"RU","KRS","Kurskaya oblast'","Administrative region"
"RU","KYA","Krasnoyarskiy kray","Administrative territory"
"RU","LEN","Leningradskaya oblast'","Administrative region"
"RU","LIP","Lipetskaya oblast'","Administrative region"
"RU","MAG","Magadanskaya oblast'","Administrative region"
"RU","ME","Mariy El, Respublika","Republic"
"RU","MO","Mordoviya, Respublika","Republic"
"RU","MOS","Moskovskaya oblast'","Administrative region"
"RU","MOW","Moskva","Autonomous city"
"RU","MUR","Murmanskaya oblast'","Administrative region"
"RU","NEN","Nenetskiy avtonomnyy okrug","Autonomous district"
"RU","NGR","Novgorodskaya oblast'","Administrative region"
"RU","NIZ","Nizhegorodskaya oblast'","Administrative region"
"RU","NVS","Novosibirskaya oblast'","Administrative region"
"RU","OMS","Omskaya oblast'","Administrative region"
"RU","ORE","Orenburgskaya oblast'","Administrative region"
"RU","ORL","Orlovskaya oblast'","Administrative region"
"RU","PER","Perm","Administrative territory"
"RU","PNZ","Penzenskaya oblast'","Administrative region"
"RU","PRI","Primorskiy kray","Administrative territory"
"RU","PSK","Pskovskaya oblast'","Administrative region"
"RU","ROS","Rostovskaya oblast'","Administrative region"
"RU","RYA","Ryazanskaya oblast'","Administrative region"
"RU","SA","Sakha, Respublika [Yakutiya]","Republic"
"RU","SAK","Sakhalinskaya oblast'","Administrative region"
"RU","SAM","Samarskaya oblast'","Administrative region"
"RU","SAR","Saratovskaya oblast'","Administrative region"
"RU","SE","Severnaya Osetiya, Respublika Alaniya] [Respublika Severnaya Osetiya-Alaniya]","Republic"
"RU","SMO","Smolenskaya oblast'","Administrative region"
"RU","SPE","Sankt-Peterburg","Autonomous city"
"RU","STA","Stavropol'skiy kray","Administrative territory"
"RU","SVE","Sverdlovskaya oblast'","Administrative region"
"RU","TA","Tatarstan, Respublika","Republic"
"RU","TAM","Tambovskaya oblast'","Administrative region"
"RU","TOM","Tomskaya oblast'","Administrative region"
"RU","TUL","Tul'skaya oblast'","Administrative region"
"RU","TVE","Tverskaya oblast'","Administrative region"
"RU","TY","Tyva, Respublika [Tuva]","Republic"
"RU","TYU","Tyumenskaya oblast'","Administrative region"
"RU","UD","Udmurtskaya Respublika","Republic"
"RU","ULY","Ul'yanovskaya oblast'","Administrative region"
"RU","VGG","Volgogradskaya oblast'","Administrative region"
"RU","VLA","Vladimirskaya oblast'","Administrative region"
"RU","VLG","Vologodskaya oblast'","Administrative region"
"RU","VOR","Voronezhskaya oblast'","Administrative region"
"RU","YAN","Yamalo-Nenetskiy avtonomnyy okrug","Autonomous district"
"RU","YAR","Yaroslavskaya oblast'","Administrative region"
"RU","YEV","Yevreyskaya avtonomnaya oblast'","Autonomous region"
"RU","ZAB","Zabaykal'skiy kray","Administrative territory"
"RW","01","Ville de Kigali","Town council"
"RW","02","Est","Province"
"RW","03","Nord","Province"
"RW","04","Ouest","Province"
"RW","05","Sud","Province"
"SA","01","Ar Riyad","Province"
"SA","02","Makkah al Mukarramah","Province"
"SA","03","Al Madinah al Munawwarah","Province"
"SA","04","Ash Sharqiyah","Province"
"SA","05","AI Qasim","Province"
"SA","06","Ha'il","Province"
"SA","07","Tabuk","Province"
"SA","08","AI Hudud ash Shamaliyah","Province"
"SA","09","Jazan","Province"
"SA","10","Najran","Province"
"SA","11","AI Bahah","Province"
"SA","12","AI Jawf","Province"
"SA","14","'Asir","Province"
"SB","CE","Central","Province"
"SB","CH","Choiseul","Province"
"SB","CT","Capital Territory (Honiara)","Capital territory"
"SB","GU","Guadalcanal","Province"
"SB","IS","Isabel","Province"
"SB","MK","Makira-Ulawa","Province"
"SB","ML","Malaita","Province"
"SB","RB","Rennell and Bellona","Province"
"SB","TE","Temotu","Province"
"SB","WE","Western","Province"
"SC","01","Anse aux Pins","District"
"SC","02","Anse Boileau         ","District"
"SC","03","Anse Étoile          ","District"
"SC","04","Au Cap","District"
"SC","05","Anse Royale          ","District"
"SC","06","Baie Lazare          ","District"
"SC","07","Baie Sainte Anne     ","District"
"SC","08","Beau Vallon          ","District"
"SC","09","Bel Air              ","District"
"SC","10","Bel Ombre            ","District"
"SC","11","Cascade              ","District"
"SC","12","Glacis               ","District"
"SC","13","Grand'Anse Mahé","District"
"SC","14","Grand'Anse Praslin","District"
"SC","15","La Digue             ","District"
"SC","16","La Rivière Anglaise  ","District"
"SC","17","Mont Buxton          ","District"
"SC","18","Mont Fleuri          ","District"
"SC","19","Plaisance            ","District"
"SC","20","Pointe La Rue        ","District"
"SC","21","Port Glaud           ","District"
"SC","22","Saint Louis          ","District"
"SC","23","Takamaka             ","District"
"SC","24","Lemamel","District"
"SC","25","Ros Kaiman","District"
"SD","DC","Wasat Darfur Zalinjay","State"
"SD","DE","Sharq Darfur","State"
"SD","DN","Shamal Darfur","State"
"SD","DS","Janub Darfur","State"
"SD","DW","Gharb Darfur","State"
"SD","GD","Al Qadarif","State"
"SD","GK","Gharb Kurdufan","state"
"SD","GZ","Al Jazirah","State"
"SD","KA","Kassala","State"
"SD","KH","Al Khartum","State"
"SD","KN","Shiamal Kurdufan","State"
"SD","KS","Janub Kurdufan","State"
"SD","NB","An Nil al Azraq","State"
"SD","NO","Ash Shamaliyah","State"
"SD","NR","Nahr an Nil","State"
"SD","NW","An Nil al Abya?","State"
"SD","RS","Al Ba?r al A?mar","State"
"SD","SI","Sinnar","State"
"SE","AB","Stockholms län","County"
"SE","AC","Västerbottens län","County"
"SE","BD","Norrbottens län","County"
"SE","C","Uppsala län","County"
"SE","D","Södermanlands län","County"
"SE","E","Östergötlands län","County"
"SE","F","Jönköpings län","County"
"SE","G","Kronoborgs län","County"
"SE","H","Kalmar län","County"
"SE","I","Gotlands län","County"
"SE","K","Blekinge län","County"
"SE","M","Skåne län","County"
"SE","N","Hallands län","County"
"SE","O","Västra Götalands län","County"
"SE","S","Värmlands län","County"
"SE","T","Örebro län","County"
"SE","U","Västmanlands län","County"
"SE","W","Dalarnes län","County"
"SE","X","Gävleborgs län","County"
"SE","Y","Västernorrlands län","County"
"SE","Z","Jämtlands län","County"
"SG","01","Central Singapore","District"
"SG","02","North East","District"
"SG","03","North West","District"
"SG","04","South East","District"
"SG","05","South West","District"
"SH","AC","Ascension","Geographical entity"
"SH","HL","Saint Helena","Geographical entity"
"SH","TA","Tristan da Cunha","Geographical entity"
"SI","001","Ajdovšcina","Commune"
"SI","002","Beltinci","Commune"
"SI","003","Bled","Commune"
"SI","004","Bohinj","Commune"
"SI","005","Borovnica","Commune"
"SI","006","Bovec","Commune"
"SI","007","Brda","Commune"
"SI","008","Brezovica","Commune"
"SI","009","Brežice","Commune"
"SI","010","Tišina","Commune"
"SI","011","Celje","Commune"
"SI","012","Cerklje na Gorenjskem","Commune"
"SI","013","Cerknica","Commune"
"SI","014","Cerkno","Commune"
"SI","015","Crenšovci","Commune"
"SI","016","Crna na Koroškem","Commune"
"SI","017","Crnomelj","Commune"
"SI","018","Destrnik","Commune"
"SI","019","Divaca","Commune"
"SI","020","Dobrepolje","Commune"
"SI","021","Dobrova-Polhov Gradec","Commune"
"SI","022","Dol pri Ljubljani","Commune"
"SI","023","Domžale","Commune"
"SI","024","Dornava","Commune"
"SI","025","Dravograd","Commune"
"SI","026","Duplek","Commune"
"SI","027","Gorenja vas-Poljane","Commune"
"SI","028","Gorišnica","Commune"
"SI","029","Gornja Radgona","Commune"
"SI","030","Gornji Grad","Commune"
"SI","031","Gornji Petrovci","Commune"
"SI","032","Grosuplje","Commune"
"SI","033","Šalovci","Commune"
"SI","034","Hrastnik","Commune"
"SI","035","Hrpelje-Kozina","Commune"
"SI","036","Idrija","Commune"
"SI","037","Ig","Commune"
"SI","038","Ilirska Bistrica","Commune"
"SI","039","Ivancna Gorica","Commune"
"SI","040","Izola","Commune"
"SI","041","Jesenice","Commune"
"SI","042","Juršinci","Commune"
"SI","043","Kamnik","Commune"
"SI","044","Kanal","Commune"
"SI","045","Kidricevo","Commune"
"SI","046","Kobarid","Commune"
"SI","047","Kobilje","Commune"
"SI","048","Kocevje","Commune"
"SI","049","Komen","Commune"
"SI","050","Koper","Commune"
"SI","051","Kozje","Commune"
"SI","052","Kranj","Commune"
"SI","053","Kranjska Gora","Commune"
"SI","054","Krško","Commune"
"SI","055","Kungota","Commune"
"SI","056","Kuzma","Commune"
"SI","057","Laško","Commune"
"SI","058","Lenart","Commune"
"SI","059","Lendava","Commune"
"SI","060","Litija","Commune"
"SI","061","Ljubljana","Commune"
"SI","062","Ljubno","Commune"
"SI","063","Ljutomer","Commune"
"SI","064","Logatec","Commune"
"SI","065","Loška dolina","Commune"
"SI","066","Loški Potok","Commune"
"SI","067","Luce","Commune"
"SI","068","Lukovica","Commune"
"SI","069","Majšperk","Commune"
"SI","070","Maribor","Commune"
"SI","071","Medvode","Commune"
"SI","072","Mengeš","Commune"
"SI","073","Metlika","Commune"
"SI","074","Mežica","Commune"
"SI","075","Miren-Kostanjevica","Commune"
"SI","076","Mislinja","Commune"
"SI","077","Moravce","Commune"
"SI","078","Moravske Toplice","Commune"
"SI","079","Mozirje","Commune"
"SI","080","Murska Sobota","Commune"
"SI","081","Muta","Commune"
"SI","082","Naklo","Commune"
"SI","083","Nazarje","Commune"
"SI","084","Nova Gorica","Commune"
"SI","085","Novo mesto","Commune"
"SI","086","Odranci","Commune"
"SI","087","Ormož","Commune"
"SI","088","Osilnica","Commune"
"SI","089","Pesnica","Commune"
"SI","090","Piran","Commune"
"SI","091","Pivka","Commune"
"SI","092","Podcetrtek","Commune"
"SI","093","Podvelka","Commune"
"SI","094","Postojna","Commune"
"SI","095","Preddvor","Commune"
"SI","096","Ptuj","Commune"
"SI","097","Puconci","Commune"
"SI","098","Race-Fram","Commune"
"SI","099","Radece","Commune"
"SI","100","Radenci","Commune"
"SI","101","Radlje ob Dravi","Commune"
"SI","102","Radovljica","Commune"
"SI","103","Ravne na Koroškem","Commune"
"SI","104","Ribnica","Commune"
"SI","105","Rogašovci","Commune"
"SI","106","Rogaška Slatina","Commune"
"SI","107","Rogatec","Commune"
"SI","108","Ruše","Commune"
"SI","109","Semic","Commune"
"SI","110","Sevnica","Commune"
"SI","111","Sežana","Commune"
"SI","112","Slovenj Gradec","Commune"
"SI","113","Slovenska Bistrica","Commune"
"SI","114","Slovenske Konjice","Commune"
"SI","115","Starše","Commune"
"SI","116","Sveti Jurij","Commune"
"SI","117","Šencur","Commune"
"SI","118","Šentilj","Commune"
"SI","119","Šentjernej","Commune"
"SI","120","Šentjur","Commune"
"SI","121","Škocjan","Commune"
"SI","122","Škofja Loka","Commune"
"SI","123","Škofljica","Commune"
"SI","124","Šmarje pri Jelšah","Commune"
"SI","125","Šmartno ob Paki","Commune"
"SI","126","Šoštanj","Commune"
"SI","127","Štore","Commune"
"SI","128","Tolmin","Commune"
"SI","129","Trbovlje","Commune"
"SI","130","Trebnje","Commune"
"SI","131","Tržic","Commune"
"SI","132","Turnišce","Commune"
"SI","133","Velenje","Commune"
"SI","134","Velike Lašce","Commune"
"SI","135","Videm","Commune"
"SI","136","Vipava","Commune"
"SI","137","Vitanje","Commune"
"SI","138","Vodice","Commune"
"SI","139","Vojnik","Commune"
"SI","140","Vrhnika","Commune"
"SI","141","Vuzenica","Commune"
"SI","142","Zagorje ob Savi","Commune"
"SI","143","Zavrc","Commune"
"SI","144","Zrece","Commune"
"SI","146","Železniki","Commune"
"SI","147","Žiri","Commune"
"SI","148","Benedikt","Commune"
"SI","149","Bistrica ob Sotli","Commune"
"SI","150","Bloke","Commune"
"SI","151","Braslovce","Commune"
"SI","152","Cankova","Commune"
"SI","153","Cerkvenjak","Commune"
"SI","154","Dobje","Commune"
"SI","155","Dobrna","Commune"
"SI","156","Dobrovnik","Commune"
"SI","157","Dolenjske Toplice","Commune"
"SI","158","Grad","Commune"
"SI","159","Hajdina","Commune"
"SI","160","Hoce-Slivnica","Commune"
"SI","161","Hodoš","Commune"
"SI","162","Horjul","Commune"
"SI","163","Jezersko","Commune"
"SI","164","Komenda","Commune"
"SI","165","Kostel","Commune"
"SI","166","Križevci","Commune"
"SI","167","Lovrenc na Pohorju","Commune"
"SI","168","Markovci","Commune"
"SI","169","Miklavž na Dravskem polju","Commune"
"SI","170","Mirna Pec","Commune"
"SI","171","Oplotnica","Commune"
"SI","172","Podlehnik","Commune"
"SI","173","Polzela","Commune"
"SI","174","Prebold","Commune"
"SI","175","Prevalje","Commune"
"SI","176","Razkrižje","Commune"
"SI","177","Ribnica na Pohorju","Commune"
"SI","178","Selnica ob Dravi","Commune"
"SI","179","Sodražica","Commune"
"SI","180","Solcava","Commune"
"SI","181","Sveta Ana","Commune"
"SI","182","Sveti Andraž v Slovenskih goricah","Commune"
"SI","183","Šempeter-Vrtojba","Commune"
"SI","184","Tabor","Commune"
"SI","185","Trnovska vas","Commune"
"SI","186","Trzin","Commune"
"SI","187","Velika Polana","Commune"
"SI","188","Veržej","Commune"
"SI","189","Vransko","Commune"
"SI","190","Žalec","Commune"
"SI","191","Žetale","Commune"
"SI","192","Žirovnica","Commune"
"SI","193","Žužemberk","Commune"
"SI","194","Šmartno pri Litiji","Commune"
"SI","195","Apace","Commune"
"SI","196","Cirkulane","Commune"
"SI","197","Kosanjevica na Krki","Commune"
"SI","198","Makole","Commune"
"SI","199","Mokronog-Trebelno","Commune"
"SI","200","Poljcane","Commune"
"SI","201","Renèe-Vogrsko","Commune"
"SI","202","Središce ob Dravi","Commune"
"SI","203","Straža","Commune"
"SI","204","Sveta Trojica v Slovenskih
Goricah","Commune"
"SI","205","Sveti Tomaž","Commune"
"SI","206","Šmarješke Toplice","Commune"
"SI","207","Gorje","Commune"
"SI","208","Log-Dragomer","Commune"
"SI","209","Recica ob Savinji","Commune"
"SI","210","Sveti Jurij v Slovenskih Goricah","Commune"
"SI","211","Šentrupert","Commune"
"SI","212","Mirna","Commune"
"SK","BC","Banskobystrický kraj","Region"
"SK","BL","Bratislavský kraj","Region"
"SK","KI","Košický kraj","Region"
"SK","NI","Nitriansky kraj","Region"
"SK","PV","Prešovský kraj","Region"
"SK","TA","Trnavský kraj","Region"
"SK","TC","Trenciansky kraj","Region"
"SK","ZI","Žilinský kraj","Region"
"SL","E","Eastern","Province"
"SL","N","Northern","Province"
"SL","S","Southern","Province"
"SL","W","Western Area (Freetown)","Area"
"SM","01","Acquaviva      ","Municipality"
"SM","02","Chiesanuova    ","Municipality"
"SM","03","Domagnano      ","Municipality"
"SM","04","Faetano        ","Municipality"
"SM","05","Fiorentino     ","Municipality"
"SM","06","Borgo Maggiore ","Municipality"
"SM","07","San Marino     ","Municipality"
"SM","08","Montegiardino  ","Municipality"
"SM","09","Serravalle     ","Municipality"
"SN","DB ","Diourbel","Region"
"SN","DK","Dakar","Region"
"SN","FK","Fatick","Region"
"SN","KA","Kaffrine","Region"
"SN","KD","Kolda","Region"
"SN","KE","Kédougou","Region"
"SN","KL","Kaolack","Region"
"SN","LG","Louga","Region"
"SN","MT","Matam","Region"
"SN","SE","Sédhiou","Region"
"SN","SL","Saint-Louis","Region"
"SN","TC","Tambacounda","Region"
"SN","TH","Thiès","Region"
"SN","ZG","Ziguinchor","Region"
"SO","AW","Awdal","Region"
"SO","BK","Bakool","Region"
"SO","BN","Banaadir","Region"
"SO","BR","Bari","Region"
"SO","BY","Bay","Region"
"SO","GA","Galguduud","Region"
"SO","GE ","Gedo","Region"
"SO","HI","Hiiraan","Region"
"SO","JD","Jubbada Dhexe","Region"
"SO","JH","Jubbada Hoose","Region"
"SO","MU","Mudug","Region"
"SO","NU","Nugaal","Region"
"SO","SA","Sanaag","Region"
"SO","SD","Shabeellaha Dhexe","Region"
"SO","SH","Shabeellaha Hoose","Region"
"SO","SO","Sool","Region"
"SO","TO","Togdheer","Region"
"SO","WO","Woqooyi Galbeed","Region"
"SR","BR","Brokopondo","District"
"SR","CM","Commewijne","District"
"SR","CR","Coronie","District"
"SR","MA","Marowijne","District"
"SR","NI","Nickerie","District"
"SR","PM","Paramaribo",
"SR","PR","Para","District"
"SR","SA","Saramacca","District"
"SR","SI","Sipaliwini","District"
"SR","WA","Wanica","District"
"SS","BN","Northern Bahr el Ghazal","State"
"SS","BW","Western Bahr el Ghazal","State"
"SS","EC","Central Equatoria","State"
"SS","EE","Eastern Equatoria","State"
"SS","EW","Western Equatoria","State"
"SS","JG","Jonglei","State"
"SS","LK","Lakes","State"
"SS","NU","Upper Nile","State"
"SS","UY","Unity","State"
"SS","WR","Warrap","State"
"ST","P","Príncipe","Province"
"ST","S","São Tomé","Province"
"SV","AH","Ahuachapán","Department"
"SV","CA","Cabañas","Department"
"SV","CH","Chalatenango","Department"
"SV","CU","Cuscatlán","Department"
"SV","LI","La Libertad","Department"
"SV","MO","Morazán","Department"
"SV","PA","La Paz","Department"
"SV","SA","Santa Ana","Department"
"SV","SM","San Miguel","Department"
"SV","SO","Sonsonate","Department"
"SV","SS","San Salvador","Department"
"SV","SV","San Vicente","Department"
"SV","UN","La Unión","Department"
"SV","US","Usulután","Department"
"SY","DI","Dimashq","Province"
"SY","DR","Dar'a","Province"
"SY","DY","Dayr az Zawr","Province"
"SY","HA","AI Hasakah","Province"
"SY","HI","Hims","Province"
"SY","HL","Halab","Province"
"SY","HM","Hamah","Province"
"SY","ID","Idlib","Province"
"SY","LA","AI Ladhiqiyah","Province"
"SY","QU","AI Qunaytirah","Province"
"SY","RA","Ar Raqqah","Province"
"SY","RD","Rif Dimashq","Province"
"SY","SU","As Suwayda'","Province"
"SY","TA","Tartus","Province"
"SZ","HH","Hhohho","District"
"SZ","LU","Lubombo","District"
"SZ","MA","Manzini","District"
"SZ","SH","Shiselweni","District"
"TD","BA","Batha","Region"
"TD","BG","Ba?r al Ghazal","Region"
"TD","BO","Burku","Region"
"TD","CB","Chari-Baguirmi","Region"
"TD","EE","Ennedi-Est","Region"
"TD","EO","Ennedi-Ouest","Region"
"TD","GR","Guéra","Region"
"TD","HL","Hadjer Lamis","Region"
"TD","KA","Kanem","Region"
"TD","LC","Lac","Region"
"TD","LO","Logone-Occidental","Region"
"TD","LR","Logone-Oriental","Region"
"TD","MA","Mandoul","Region"
"TD","MC","Moyen-Chari","Region"
"TD","ME","Mayo-Kebbi-Est","Region"
"TD","MO","Mayo-Kebbi-Ouest","Region"
"TD","ND","Ville de Ndjamena","Region"
"TD","OD","Ouaddaï","Region"
"TD","SA","Salamat","Region"
"TD","SI","Sila","Region"
"TD","TA","Tandjilé","Region"
"TD","TI","Tibasti","Region"
"TD","WF","Wadi Fira","Region"
"TG","C","Centre","Region"
"TG","K","Kara","Region"
"TG","M","Maritime (Région)","Region"
"TG","P","Plateaux","Region"
"TG","S","Savannes","Region"
"TH","10","Krung Thep Maha Nakhon [Bangkok]","Metropolitan administration"
"TH","11","Samut Prakan","Province"
"TH","12","Nonthaburi","Province"
"TH","13","Pathum Thani","Province"
"TH","14","Phra Nakhon Si Ayutthaya","Province"
"TH","15","Ang Thong","Province"
"TH","16","Lop Buri","Province"
"TH","17","Sing Buri","Province"
"TH","18","Chai Nat","Province"
"TH","19","Saraburi","Province"
"TH","20","Chon Buri","Province"
"TH","21","Rayong","Province"
"TH","22","Chanthaburi","Province"
"TH","23","Trat","Province"
"TH","24","Chachoengsao","Province"
"TH","25","Prachin Buri","Province"
"TH","26","Nakhon Nayok","Province"
"TH","27","Sa Kaeo","Province"
"TH","30","Nakhon Ratchasima","Province"
"TH","31","Buri Ram","Province"
"TH","32","Surin","Province"
"TH","33","Si Sa Ket","Province"
"TH","34","Ubon Ratchathani","Province"
"TH","35","Yasothon","Province"
"TH","36","Chaiyaphum","Province"
"TH","37","Amnat Charoen","Province"
"TH","38","Bueng Kan","Province"
"TH","39","Nong Bua Lam Phu","Province"
"TH","40","Khon Kaen","Province"
"TH","41","Udon Thani","Province"
"TH","42","Loei","Province"
"TH","43","Nong Khai","Province"
"TH","44","Maha Sarakham","Province"
"TH","45","Roi Et","Province"
"TH","46","Kalasin","Province"
"TH","47","Sakon Nakhon","Province"
"TH","48","Nakhon Phanom","Province"
"TH","49","Mukdahan","Province"
"TH","50","Chiang Mai","Province"
"TH","51","Lamphun","Province"
"TH","52","Lampang","Province"
"TH","53","Uttaradit","Province"
"TH","54","Phrae","Province"
"TH","55","Nan","Province"
"TH","56","Phayao","Province"
"TH","57","Chiang Rai","Province"
"TH","58","Mae Hong Son","Province"
"TH","60","Nakhon Sawan","Province"
"TH","61","Uthai Thani","Province"
"TH","62","Kamphaeng Phet","Province"
"TH","63","Tak","Province"
"TH","64","Sukhothai","Province"
"TH","65","Phitsanulok","Province"
"TH","66","Phichit","Province"
"TH","67","Phetchabun","Province"
"TH","70","Ratchaburi","Province"
"TH","71","Kanchanaburi","Province"
"TH","72","Suphan Buri","Province"
"TH","73","Nakhon Pathom","Province"
"TH","74","Samut Sakhon","Province"
"TH","75","Samut Songkhram","Province"
"TH","76","Phetchaburi","Province"
"TH","77","Prachuap Khiri Khan","Province"
"TH","80","Nakhon Si Thammarat","Province"
"TH","81","Krabi","Province"
"TH","82","Phangnga","Province"
"TH","83","Phuket","Province"
"TH","84","Surat Thani","Province"
"TH","85","Ranong","Province"
"TH","86","Chumphon","Province"
"TH","90","Songkhla","Province"
"TH","91","Satun","Province"
"TH","92","Trang","Province"
"TH","93","Phatthalung","Province"
"TH","94","Pattani","Province"
"TH","95","Yala","Province"
"TH","96","Narathiwat","Province"
"TH","S ","Phatthaya","special administrative
Special administrative city"
"TJ","DU","Dushanbe","Capital territory"
"TJ","GB","Kuhistoni Badakhshon","Autonomous region"
"TJ","KT","Khatlon","Region"
"TJ","SU","Sughd","Region"
"TL","AL","Aileu","District"
"TL","AN","Ainaro","District"
"TL","BA","Baucau","District"
"TL","BO","Bobonaro","District"
"TL","CO","Cova Lima","District"
"TL","DI","Díli","District"
"TL","ER","Ermera","District"
"TL","LA","Lautem","District"
"TL","LI","Liquiça","District"
"TL","MF","Manufahi","District"
"TL","MT","Manatuto","District"
"TL","OE","Oecussi","District"
"TL","VI","Viqueque","District"
"TM","A","Ahal","Region"
"TM","B","Balkan","Region"
"TM","D","Dasoguz","Region"
"TM","L","Lebap","Region"
"TM","M","Mary","Region"
"TM","S","Asgabat","City"
"TN","11","Tunis","Governorate"
"TN","12","L'Ariana","Governorate"
"TN","13","Ben Arous","Governorate"
"TN","14","La Manouba","Governorate"
"TN","21","Nabeul","Governorate"
"TN","22","Zaghouan","Governorate"
"TN","23","Bizerte","Governorate"
"TN","31","Béja","Governorate"
"TN","32","Jendouba","Governorate"
"TN","33","Le Kef","Governorate"
"TN","34","Siliana","Governorate"
"TN","41","Kairouan","Governorate"
"TN","42","Kasserine","Governorate"
"TN","43","Sidi Bouzid","Governorate"
"TN","51","Sousse","Governorate"
"TN","52","Monastir","Governorate"
"TN","53","Mahdia","Governorate"
"TN","61","Sfax","Governorate"
"TN","71","Gafsa","Governorate"
"TN","72","Tozeur","Governorate"
"TN","73","	Kébili","Governorate"
"TN","81","Gabès","Governorate"
"TN","82","Médenine","Governorate"
"TN","83","Tataouine","Governorate"
"TO","01","'Eua","Division"
"TO","02","Ha'apai","Division"
"TO","03","Niuas","Division"
"TO","04","Tongatapu","Division"
"TO","05","Vava'u","Division"
"TR","01","Adana","Province"
"TR","02","Adiyaman","Province"
"TR","03","Afyonkarahisar","Province"
"TR","04","Agri","Province"
"TR","05","Amasya","Province"
"TR","06","Ankara","Province"
"TR","07","Antalya","Province"
"TR","08","Artvin","Province"
"TR","09","Aydin","Province"
"TR","10","Balikesir","Province"
"TR","11","Bilecik","Province"
"TR","12","Bingöl","Province"
"TR","13","Bitlis","Province"
"TR","14","Bolu","Province"
"TR","15","Burdur","Province"
"TR","16","Bursa","Province"
"TR","17","Canakkale","Province"
"TR","18","Çankiri","Province"
"TR","19","Corum","Province"
"TR","20","Denizli","Province"
"TR","21","Diyarbakir","Province"
"TR","22","Edirne","Province"
"TR","23","Elazig","Province"
"TR","24","Erzincan","Province"
"TR","25","Erzurum","Province"
"TR","26","Eskisehir","Province"
"TR","27","Gaziantep","Province"
"TR","28","Giresun","Province"
"TR","29","Gümüshane","Province"
"TR","30","Hakkari","Province"
"TR","31","Hatay","Province"
"TR","32","Isparta","Province"
"TR","33","Mersin","Province"
"TR","34","Istanbul","Province"
"TR","35","Izmir","Province"
"TR","36","Kars","Province"
"TR","37","Kastamonu","Province"
"TR","38","Kayseri","Province"
"TR","39","Kirklareli","Province"
"TR","40","Kirsehir","Province"
"TR","41","Kocaeli","Province"
"TR","42","Konya","Province"
"TR","43","Kütahya","Province"
"TR","44","Malatya","Province"
"TR","45","Manisa","Province"
"TR","46","Kahramanmaras","Province"
"TR","47","Mardin","Province"
"TR","48","Mugla","Province"
"TR","49","Mus","Province"
"TR","50","Nevsehir","Province"
"TR","51","Nigde","Province"
"TR","52","Ordu","Province"
"TR","53","Rize","Province"
"TR","54","Sakarya","Province"
"TR","55","Samsun","Province"
"TR","56","Siirt","Province"
"TR","57","Sinop","Province"
"TR","58","Sivas","Province"
"TR","59","Tekirdag","Province"
"TR","60","Tokat","Province"
"TR","61","Trabzon","Province"
"TR","62","Tunceli","Province"
"TR","63","Sanliurfa","Province"
"TR","64","Usak","Province"
"TR","65","Van","Province"
"TR","66","Yozgat","Province"
"TR","67","Zonguldak","Province"
"TR","68","Aksaray","Province"
"TR","69","Bayburt","Province"
"TR","70","Karaman","Province"
"TR","71","Kirikkale","Province"
"TR","72","Batman","Province"
"TR","73","Sirnak","Province"
"TR","74","Bartin","Province"
"TR","75","Ardahan","Province"
"TR","76","Igdir","Province"
"TR","77","Yalova","Province"
"TR","78","Karabuk","Province"
"TR","79","Kilis","Province"
"TR","80","Osmaniye","Province"
"TR","81","Düzce","Province"
"TT","ARI","Arima","Municipality"
"TT","CHA","Chaguanas","Municipality"
"TT","CTT","Couva-Tabaquite-Talparo","Region"
"TT","DMN","Diego Martin","Region"
"TT","MRC","Mayaro-Rio Claro","region"
"TT","PED","Penal-Debe","Region"
"TT","POS","Port of Spain","Municipality"
"TT","PRT","Princes Town","Region"
"TT","PTF","Point Fortin","Municipality"
"TT","SFO","San Fernando","Municipality"
"TT","SGE","Sangre Grande","Region"
"TT","SIP","Siparia","Region"
"TT","SJL","San Juan-Laventille","Region"
"TT","TOB","Tobago","ward"
"TT","TUP","Tunapuna-Piarco","Region"
"TV","FUN","Funafuti","Town council"
"TV","NIT","Niutao","Island council"
"TV","NIU","Nui","Island council"
"TV","NKF","Nukufetau","Island council"
"TV","NKL","Nukulaelae","Island council"
"TV","NMA","Nanumea","Island council"
"TV","NMG","Nanumanga","Island council"
"TV","VAI","Vaitupu","Island council"
"TW","CHA","Changhua","district"
"TW","CYI","Chiayi","Municipality"
"TW","CYQ","Chiayi","district"
"TW","HSQ","Hsinchu","district"
"TW","HSZ","Hsinchu","Municipality"
"TW","HUA","Hualien","district"
"TW","ILA","Yilan","district"
"TW","KEE","Keelung","Municipality"
"TW","KHH","Kaohsiung","special municipality"
"TW","KIN","Kinmen","district"
"TW","LIE","Lienchiang","district"
"TW","MIA","Miaoli","district"
"TW","NAN","Nantou","district"
"TW","NWT","New Taipei","special municipality"
"TW","PEN","Penghu","district"
"TW","PIF","Pingtung","district"
"TW","TAO","Taoyuan","special municipality"
"TW","TNN","Tainan","special municipality"
"TW","TPE","Taipei","special municipality"
"TW","TTT","Taitung","district"
"TW","TXG","Taichung","special municipality"
"TW","YUN","Yunlin","district"
"TZ","01","Arusha","Region"
"TZ","02","Dar es Salaam","Region"
"TZ","03","Dodoma","Region"
"TZ","04","Iringa","Region"
"TZ","05","Kagera","Region"
"TZ","06","Kaskazini Pemba","Region"
"TZ","07","Kaskazini Unguja","Region"
"TZ","08","Kigoma","Region"
"TZ","09","Kilimanjaro","Region"
"TZ","10","Kusini Pemba","Region"
"TZ","11","Kusini Unguja","Region"
"TZ","12","Lindi","Region"
"TZ","13","Mara","Region"
"TZ","14","Mbeya","Region"
"TZ","15","Mjini Magharibi","Region"
"TZ","16","Morogoro","Region"
"TZ","17","Mtwara","Region"
"TZ","18","Mwanza","Region"
"TZ","19","Pwani","Region"
"TZ","20","Rukwa","Region"
"TZ","21","Ruvuma","Region"
"TZ","22","Shinyanga","Region"
"TZ","23","Singida","Region"
"TZ","24","Tabora","Region"
"TZ","25","Tanga","Region"
"TZ","26","Manyara","Region"
"TZ","27","Geita","Region"
"TZ","28","Katavi","Region"
"TZ","29","Njombe","Region"
"TZ","30","Simiyu","Region"
"UA","05","Vinnytska oblast","Region"
"UA","07","Volynska oblast","Region"
"UA","09","Luhanska oblast","Region"
"UA","12","Dnipropetrovska oblast","Region"
"UA","14","Donetska oblast","Region"
"UA","18","Zhytomyrska oblast","Region"
"UA","21","Zakarpatska oblast","Region"
"UA","23","Zaporizka oblast","Region"
"UA","26","Ivano-Frankivska oblast","Region"
"UA","30","Kyiv","City"
"UA","32","Kyivska oblast","Region"
"UA","35","Kirovohradska oblast","Region"
"UA","40","Sevastopol","City"
"UA","43","Avtonomna Respublika Krym","Republic"
"UA","46","Lvivska oblast","Region"
"UA","48","Mykolaivska oblast","Region"
"UA","51","Odeska oblast","Region"
"UA","53","Poltavska oblast","Region"
"UA","56","Rivnenska oblast","Region"
"UA","59","Sumska oblast","Region"
"UA","61","Ternopilska oblast","Region"
"UA","63","Kharkivska oblast","Region"
"UA","65","Khersonska oblast","Region"
"UA","68","Khmelnytska oblast","Region"
"UA","71","Cherkaska oblast","Region"
"UA","74","Chernihivska oblast","Region"
"UA","77","Chernivetska oblast","Region"
"UG","101","Kalangala","District"
"UG","102","Kampala","City"
"UG","103","Kiboga","District"
"UG","104","Luwero","District"
"UG","105","Masaka","District"
"UG","106","Mpigi","District"
"UG","107","Mubende","District"
"UG","108","Mukono","District"
"UG","109","Nakasongola","District"
"UG","110","Rakai","District"
"UG","111","Sembabule","District"
"UG","112","Kayunga","District"
"UG","113","Wakiso","District"
"UG","114","Mityana","District"
"UG","115","Nakaseke","District"
"UG","116","Lyantonde","District"
"UG","117","Buikwe","District"
"UG","118","Bukomansibi","District"
"UG","119","Butambala","District"
"UG","120","Buvuma","District"
"UG","121","Gomba","District"
"UG","122","Kalungu","District"
"UG","123","Kyankwanzi","District"
"UG","124","Lwengo","District"
"UG","201","Bugiri","District"
"UG","202","Busia","District"
"UG","203","Iganga","District"
"UG","204","Jinja","District"
"UG","205","Kamuli","District"
"UG","206","Kapchorwa","District"
"UG","207","Katakwi","District"
"UG","208","Kumi","District"
"UG","209","Mbale","District"
"UG","210","Pallisa","District"
"UG","211","Soroti","District"
"UG","212","Tororo","District"
"UG","213","Kaberamaido","District"
"UG","215","Sironko","District"
"UG","216","Amuria","District"
"UG","217","Budaka","District"
"UG","218","Bukwa","District"
"UG","219","Butaleja","District"
"UG","220","Kaliro","District"
"UG","221","Manafwa","District"
"UG","222","Namutumba","District"
"UG","223","Bududa","District"
"UG","224","Bukedea","District"
"UG","225","Bulambuli","District"
"UG","226","Buyende","District"
"UG","227","Kibuku","District"
"UG","228","Kween","District"
"UG","229","Luuka","District"
"UG","230","Namayingo","District"
"UG","231","Ngora","District"
"UG","232","Serere","District"
"UG","244","Mayuge","District"
"UG","301","Adjumani","District"
"UG","302","Apac","District"
"UG","303","Arua","District"
"UG","304","Gulu","District"
"UG","305","Kitgum","District"
"UG","306","Kotido","District"
"UG","307","Lira","District"
"UG","308","Moroto","District"
"UG","309","Moyo","District"
"UG","310","Nebbi","District"
"UG","311","Nakapiripirit","District"
"UG","312","Pader","District"
"UG","313","Yumbe","District"
"UG","314","Amolatar","District"
"UG","315","Kaabong","District"
"UG","316","Koboko","District"
"UG","317","Abim","District"
"UG","318","Dokolo","District"
"UG","319","Amuru","District"
"UG","320","Maracha","District"
"UG","321","Oyam","District"
"UG","401","Bundibugyo","District"
"UG","402","Bushenyi","District"
"UG","403","Hoima","District"
"UG","404","Kabale","District"
"UG","405","Kabarole","District"
"UG","406","Kasese","District"
"UG","407","Kibaale","District"
"UG","408","Kisoro","District"
"UG","409","Masindi","District"
"UG","410","Mbarara","District"
"UG","411","Ntungamo","District"
"UG","412","Rukungiri","District"
"UG","413","Kamwenge","District"
"UG","414","Kanungu","District"
"UG","415","Kyenjojo","District"
"UG","416","Ibanda","District"
"UG","417","Isingiro","District"
"UG","418","Kiruhura","District"
"UG","419","Buliisa","District"
"UG","420","Kiryandongo","District"
"UG","421","Kyegegwa","District"
"UG","422","Mitooma","District"
"UG","423","Ntoroko","District"
"UG","424","Rubirizi","District"
"UG","425","Sheema","District"
"UM","67","Johnston Atoll (ISO reserved code = JT)","Islands/Groups of Islands"
"UM","71","Midway Islands (ISO reserved code = I)","Islands/Groups of Islands"
"UM","76","Navassa Island (ISO reserved code = NV)","Islands/Groups of Islands"
"UM","79","Wake Island (ISO reserved code = WK)","Islands/Groups of Islands"
"UM","81","Baker Island","Islands/Groups of Islands"
"UM","84","Howland Island","Islands/Groups of Islands"
"UM","86","Jarvis Island","Islands/Groups of Islands"
"UM","89","Kingman Reef","Islands/Groups of Islands"
"UM","95","Palmyra Atoll","Islands/Groups of Islands"
"US","AK","Alaska","State"
"US","AL","Alabama","State"
"US","AR","Arkansas","State"
"US","AS","American Samoa (see also separate entry under AS)","Outlying area"
"US","AZ","Arizona","State"
"US","CA","California","State"
"US","CO","Colorado","State"
"US","CT","Connecticut","State"
"US","DC","District of Columbia","District"
"US","DE","Delaware","State"
"US","FL","Florida","State"
"US","GA","Georgia","State"
"US","GU","Guam (see also separate entry under GU)","Outlying area"
"US","HI","Hawaii","State"
"US","IA","Iowa","State"
"US","ID","Idaho","State"
"US","IL","Illinois","State"
"US","IN","Indiana","State"
"US","KS","Kansas","State"
"US","KY","Kentucky","State"
"US","LA","Louisiana","State"
"US","MA","Massachusetts","State"
"US","MD","Maryland","State"
"US","ME","Maine","State"
"US","MI","Michigan","State"
"US","MN","Minnesota","State"
"US","MO","Missouri","State"
"US","MP","Northern Mariana Islands (see also separate entry MP)","Outlying area"
"US","MS","Mississippi","State"
"US","MT","Montana","State"
"US","NC","North Carolina","State"
"US","ND","North Dakota","State"
"US","NE","Nebraska","State"
"US","NH","New Hampshire","State"
"US","NJ","New Jersey","State"
"US","NM","New Mexico","State"
"US","NV","Nevada","State"
"US","NY","New York","State"
"US","OH","Ohio","State"
"US","OK","Oklahoma","State"
"US","OR","Oregon","State"
"US","PA","Pennsylvania","State"
"US","PR","Puerto Rico (see also separate entry under PR)","Outlying area"
"US","RI","Rhode Island","State"
"US","SC","South Carolina","State"
"US","SD","South Dakota","State"
"US","TN","Tennessee","State"
"US","TX","Texas","State"
"US","UM","U.S. Minor Outlying Islands (cf. separate entry UM)","Outlying area"
"US","UT","Utah","State"
"US","VA","Virginia","State"
"US","VI","Virgin Islands of the U.S. (see also separate entry VI)","Outlying area"
"US","VT","Vermont","State"
"US","WA","Washington","State"
"US","WI","Wisconsin","State"
"US","WV","West Virginia","State"
"US","WY","Wyoming","State"
"UY","AR","Artigas","Department"
"UY","CA","Canelones","Department"
"UY","CL","Cerro Largo","Department"
"UY","CO","Colonia","Department"
"UY","DU","Durazno","Department"
"UY","FD","Florida","Department"
"UY","FS","Flores","Department"
"UY","LA","Lavalleja","Department"
"UY","MA","Maldonado","Department"
"UY","MO","Montevideo","Department"
"UY","PA","Paysandú","Department"
"UY","RN","Río Negro","Department"
"UY","RO","Rocha","Department"
"UY","RV","Rivera","Department"
"UY","SA","Salto","Department"
"UY","SJ","San José","Department"
"UY","SO","Soriano","Department"
"UY","TA","Tacuarembó","Department"
"UY","TT","Treinta y Tres","Department"
"UZ","AN","Andijon","Region"
"UZ","BU","Bukhoro","Region"
"UZ","FA","Farg‘ona","Region"
"UZ","JI","Jizzax","Region"
"UZ","KH","Khorazm","Region"
"UZ","NG","Namangan","Region"
"UZ","NW","Nawoiy","Region"
"UZ","QA","Qashqadaryo","Region"
"UZ","QR","Qoraqalpog‘iston Respublikasi","Republic"
"UZ","SA","Samarqand","Region"
"UZ","SI","Sirdaryo","Region"
"UZ","SU","Surkhondaryo","Region"
"UZ","TK","Toshkent","City"
"UZ","TO","Toshkent","Region"
"UZ","XO","Xorazm","Region"
"VC","01","Charlotte     ","Parish"
"VC","02","Saint Andrew  ","Parish"
"VC","03","Saint David   ","Parish"
"VC","04","Saint George  ","Parish"
"VC","05","Saint Patrick ","Parish"
"VC","06","Grenadines    ","Parish"
"VE","A","Distrito Capital","Capital district"
"VE","B","Anzoátegui","State"
"VE","C","Apure","State"
"VE","D","Aragua","State"
"VE","E","Barinas","State"
"VE","F","Bolívar","State"
"VE","G","Carabobo","State"
"VE","H","Cojedes","State"
"VE","I","Falcón","State"
"VE","J","Guárico","State"
"VE","K","Lara","State"
"VE","L","Mérida","State"
"VE","M","Miranda","State"
"VE","N","Monagas","State"
"VE","O","Nueva Esparta","State"
"VE","P","Portuguesa","State"
"VE","R","Sucre","State"
"VE","S","Táchira","State"
"VE","T","Trujillo","State"
"VE","U","Yaracuy","State"
"VE","V","Zulia","State"
"VE","W","Dependencias Federales","Federal dependencies"
"VE","X","vargas","State"
"VE","Y","Delta Amacuro","State"
"VE","Z","Amazonas","State"
"VN","01","Lai Châu","Province"
"VN","02","Lào Cai","Province"
"VN","03","Hà Giang","Province"
"VN","04","Cao B?ng","Province"
"VN","05","Son La","Province"
"VN","06","Yên Bái","Province"
"VN","07","Tuyên Quang","Province"
"VN","09","L?ng Son","Province"
"VN","13","Qu?ng Ninh","Province"
"VN","14","Hòa Bình","Province"
"VN","18","Ninh Bình","Province"
"VN","20","Thái Bình","Province"
"VN","21","Thanh Hóa","Province"
"VN","22","Ngh? An","Province"
"VN","23","Hà Tinh","Province"
"VN","24","Qu?ng Bình","Province"
"VN","25","Qu?ng Tr?","Province"
"VN","26","Th?a Thiên-Hu?","Province"
"VN","27","Qu?ng Nam","Province"
"VN","28","Kon Tum","Province"
"VN","29","Qu?ng Ngãi","Province"
"VN","30","Gia Lai","Province"
"VN","31","Bình Ð?nh","Province"
"VN","32","Phú Yên","Province"
"VN","33","Ð?k L?k","Province"
"VN","34","Khánh Hòa","Province"
"VN","35","Lâm Ð?ng","Province"
"VN","36","Ninh Thu?n","Province"
"VN","37","Tây Ninh","Province"
"VN","39","Ð?ng Nai","Province"
"VN","40","Bình Thu?n","Province"
"VN","41","Long An","Province"
"VN","43","Bà R?a - Vung Tàu","Province"
"VN","44","An Giang","Province"
"VN","45","Ð?ng Tháp","Province"
"VN","46","Ti?n Giang","Province"
"VN","47","Ki?n Giang","Province"
"VN","49","Vinh Long","Province"
"VN","50","B?n Tre","Province"
"VN","51","Trà Vinh","Province"
"VN","52","Sóc Trang","Province"
"VN","53","B?c K?n","Province"
"VN","54","B?c Giang","Province"
"VN","55","B?c Liêu","Province"
"VN","56","B?c Ninh","Province"
"VN","57","Bình Duong","Province"
"VN","58","Bình Phu?c","Province"
"VN","59","Cà Mau","Province"
"VN","61","H?i Duong","Province"
"VN","63","Hà Nam","Province"
"VN","66","Hung Yên","Province"
"VN","67","Nam Ð?nh","Province"
"VN","68","Phú Th?","Province"
"VN","69","Thái Nguyên","Province"
"VN","70","Vinh Phúc","Province"
"VN","71","Ði?n Biên","Province"
"VN","72","Ð?k Nông","Province"
"VN","73","H?u Giang","Province"
"VN","CT","Can Tho","Municipality"
"VN","DN","Da Nang, thanh pho","Municipality"
"VN","HN","Ha Noi","Municipality"
"VN","HP","Hai Phong","Municipality"
"VN","SG","Ho Chi Minh","Municipality"
"VU","MAP","Malampa",
"VU","PAM","Pénama",
"VU","SAM","Sanma",
"VU","SEE","Shéfa",
"VU","TAE","Taféa",
"VU","TOB","Torba",
"WS","AA","A'ana","District"
"WS","AL","Aiga-i-le-Tai","District"
"WS","AT","Atua","District"
"WS","FA","Fa'asaleleaga","District"
"WS","GE","Gaga'emauga","District"
"WS","GI","Gagaifomauga","District"
"WS","PA","Palauli","District"
"WS","SA","Satupa 'itea","District"
"WS","TU","Tuamasaga","District"
"WS","VF","Va'a-o-Fonoti","District"
"WS","VS","Vaisigano","District"
"YE","AB","Abyan","Governorate"
"YE","AD","‘Adan","Governorate"
"YE","AM","‘Amran","Governorate"
"YE","BA","Al Bay?a’","Governorate"
"YE","DA","	A? ?ali‘","Governorate"
"YE","DH","Dhamar","Governorate"
"YE","HD","?a?ramawt","Governorate"
"YE","HJ","?ajjah","Governorate"
"YE","HU","Al ?udaydah","Governorate"
"YE","IB","Ibb","Governorate"
"YE","JA","Al Jawf","Governorate"
"YE","LA","Lahij","Governorate"
"YE","MA","Ma’rib","Governorate"
"YE","MR","Al Mahrah","Governorate"
"YE","MW","Al Ma?wit","Governorate"
"YE","RA","Raymah","Governorate"
"YE","SA","Amanat al ‘Asimah [city]","Municipality"
"YE","SD","Sa'dah","Governorate"
"YE","SH","Shabwah","Governorate"
"YE","SN","San?a'","Governorate"
"YE","SU","Arkhabil Suqutrá","governorate"
"YE","TA","Ta'izz","Governorate"
"ZA","EC","Eastern Cape","Province"
"ZA","FS","Free State","Province"
"ZA","GT","Gauteng","Province"
"ZA","LP","Limpopo","Province"
"ZA","MP","Mpumalanga","Province"
"ZA","NC","Northern Cape","Province"
"ZA","NL","Kwazulu-Natal","Province"
"ZA","NW","North-West","Province"
"ZA","WC","Western Cape","Province"
"ZM","01","Western","Province"
"ZM","02","Central","Province"
"ZM","03","Eastern","Province"
"ZM","04","Luapula","Province"
"ZM","05","Northern","Province"
"ZM","06","North-Western","Province"
"ZM","07","Southern","Province"
"ZM","08","Copperbelt","Province"
"ZM","09","Lusaka","Province"
"ZM","10","Muchinga","Province"
"ZW","BU","Bulawayo","Province"
"ZW","HA","Harare","Province"
"ZW","MA","Manicaland","Province"
"ZW","MC","Mashonaland Central","Province"
"ZW","ME","Mashonaland East","Province"
"ZW","MI","Midlands","Province"
"ZW","MN","Matabeleland North","Province"
"ZW","MS","Matabeleland South","Province"
"ZW","MV","Masvingo","Province"
"ZW","MW","Mashonaland West","Province"
